F01R11,CTAAGGTAACTCCTCGAATC
F01R12,CTAAGGTAACTAGGTGGTTC
F01R13,CTAAGGTAACTCTAACGGAC
F01R14,CTAAGGTAACTTGGAGTGTC
F01R15,CTAAGGTAACTCTAGAGGTC
F01R16,CTAAGGTAACTCTGGATGAC
F01R17,CTAAGGTAACTCTATTCGTC
F01R18,CTAAGGTAACAGGCAATTGC
F01R19,CTAAGGTAACTTAGTCGGAC
F01R20,CTAAGGTAACCAGATCCATC
F02R11,TAAGGAGAACTCCTCGAATC
F02R12,TAAGGAGAACTAGGTGGTTC
F02R13,TAAGGAGAACTCTAACGGAC
F02R14,TAAGGAGAACTTGGAGTGTC
F02R15,TAAGGAGAACTCTAGAGGTC
F02R16,TAAGGAGAACTCTGGATGAC
F02R17,TAAGGAGAACTCTATTCGTC
F02R18,TAAGGAGAACAGGCAATTGC
F02R19,TAAGGAGAACTTAGTCGGAC
F02R20,TAAGGAGAACCAGATCCATC
F03R11,AAGAGGATTCTCCTCGAATC
F03R12,AAGAGGATTCTAGGTGGTTC
F03R13,AAGAGGATTCTCTAACGGAC
F03R14,AAGAGGATTCTTGGAGTGTC
F03R15,AAGAGGATTCTCTAGAGGTC
F03R16,AAGAGGATTCTCTGGATGAC
F03R17,AAGAGGATTCTCTATTCGTC
F03R18,AAGAGGATTCAGGCAATTGC
F03R19,AAGAGGATTCTTAGTCGGAC
F03R20,AAGAGGATTCCAGATCCATC
F04R11,TCGCAATTACTCCTCGAATC
F04R12,TCGCAATTACTAGGTGGTTC
F04R13,TCGCAATTACTCTAACGGAC
F04R14,TCGCAATTACTTGGAGTGTC
F04R15,TCGCAATTACTCTAGAGGTC
F04R16,TCGCAATTACTCTGGATGAC
F04R17,TCGCAATTACTCTATTCGTC
F04R18,TCGCAATTACAGGCAATTGC
F04R19,TCGCAATTACTTAGTCGGAC
F04R20,TCGCAATTACCAGATCCATC
F05R11,CAGAAGGAACTCCTCGAATC
F05R12,CAGAAGGAACTAGGTGGTTC
F05R13,CAGAAGGAACTCTAACGGAC
F05R14,CAGAAGGAACTTGGAGTGTC
F05R15,CAGAAGGAACTCTAGAGGTC
F05R16,CAGAAGGAACTCTGGATGAC
F05R17,CAGAAGGAACTCTATTCGTC
F05R18,CAGAAGGAACAGGCAATTGC
F05R19,CAGAAGGAACTTAGTCGGAC
F05R20,CAGAAGGAACCAGATCCATC
F06R11,CTGCAAGTTCTCCTCGAATC
F06R12,CTGCAAGTTCTAGGTGGTTC
F06R13,CTGCAAGTTCTCTAACGGAC
F06R14,CTGCAAGTTCTTGGAGTGTC
F06R15,CTGCAAGTTCTCTAGAGGTC
F06R16,CTGCAAGTTCTCTGGATGAC
F06R17,CTGCAAGTTCTCTATTCGTC
F06R18,CTGCAAGTTCAGGCAATTGC
F06R19,CTGCAAGTTCTTAGTCGGAC
F06R20,CTGCAAGTTCCAGATCCATC
F07R11,TTCGTGATTCTCCTCGAATC
F07R12,TTCGTGATTCTAGGTGGTTC
F07R13,TTCGTGATTCTCTAACGGAC
F07R14,TTCGTGATTCTTGGAGTGTC
F07R15,TTCGTGATTCTCTAGAGGTC
F07R16,TTCGTGATTCTCTGGATGAC
F07R17,TTCGTGATTCTCTATTCGTC
F07R18,TTCGTGATTCAGGCAATTGC
F07R19,TTCGTGATTCTTAGTCGGAC
F07R20,TTCGTGATTCCAGATCCATC
F08R11,TTCCGATAACTCCTCGAATC
F08R12,TTCCGATAACTAGGTGGTTC
F08R13,TTCCGATAACTCTAACGGAC
F08R14,TTCCGATAACTTGGAGTGTC
F08R15,TTCCGATAACTCTAGAGGTC
F08R16,TTCCGATAACTCTGGATGAC
F08R17,TTCCGATAACTCTATTCGTC
F08R18,TTCCGATAACAGGCAATTGC
F08R19,TTCCGATAACTTAGTCGGAC
F08R20,TTCCGATAACCAGATCCATC
F09R11,TGAGCGGAACTCCTCGAATC
F09R12,TGAGCGGAACTAGGTGGTTC
F09R13,TGAGCGGAACTCTAACGGAC
F09R14,TGAGCGGAACTTGGAGTGTC
F09R15,TGAGCGGAACTCTAGAGGTC
F09R16,TGAGCGGAACTCTGGATGAC
F09R17,TGAGCGGAACTCTATTCGTC
F09R18,TGAGCGGAACAGGCAATTGC
F09R19,TGAGCGGAACTTAGTCGGAC
F09R20,TGAGCGGAACCAGATCCATC
F10R11,CTGACCGAACTCCTCGAATC
F10R12,CTGACCGAACTAGGTGGTTC
F10R13,CTGACCGAACTCTAACGGAC
F10R14,CTGACCGAACTTGGAGTGTC
F10R15,CTGACCGAACTCTAGAGGTC
F10R16,CTGACCGAACTCTGGATGAC
F10R17,CTGACCGAACTCTATTCGTC
F10R18,CTGACCGAACAGGCAATTGC
F10R19,CTGACCGAACTTAGTCGGAC
F10R20,CTGACCGAACCAGATCCATC