Feature ID	Taxon	Consensus
bf1f4684eda58b6ad3957fe2e00fa3fd	k__Animalia;p__Chordata;c__Aves;o__Passeriformes;f__Passerellidae;g__Zonotrichia;s__albicollis	1.0
9900d983b986a99b585cbebf3514a97a	k__Animalia;p__Arthropoda;c__Insecta;o__Hemiptera;f__Delphacidae;g__Criomorphus;s__conspicuus	1.0
8a7a4c49233a86a9e636853a294646cb	k__Animalia;p__Arthropoda;c__Insecta;o__Plecoptera;f__Leuctridae;g__Leuctra;s__duplicata	1.0
34de65e1466d0b8c6ca1ce9d939aec4f	k__Animalia;p__Arthropoda;c__Insecta;o__Lepidoptera;f__Geometridae;g__Eupithecia;s__annulata	1.0
a3de642f9f4ecd70824419f24119ee09	k__Animalia;p__Arthropoda;c__Insecta;o__Diptera;f__Limoniidae;g__;s__	1.0
a04ae8d44d518ba36c0b1f7ab7ca26cb	k__Animalia;p__Arthropoda;c__Insecta;o__Lepidoptera;f__Geometridae;g__Scopula;s__limboundata	1.0
877512ca255ba5030f3faf9bf1429711	k__Animalia;p__Arthropoda;c__Insecta;o__Megaloptera;f__Corydalidae;g__Chauliodes;s__pectinicornis	1.0
66f3995401ac06280a127d2321d5cb83	k__Animalia;p__Arthropoda;c__Arachnida;o__Araneae;f__Gnaphosidae;g__Gnaphosa;s__parvula	1.0
ea77bd05aeaf8a4fec4ecf50e6e42a54	k__Animalia;p__Arthropoda;c__Insecta;o__Megaloptera;f__Corydalidae;g__Chauliodes;s__pectinicornis	1.0
aa2865b2013a7bbf8480e79dee61518e	k__Animalia;p__Arthropoda;c__Arachnida;o__Araneae;f__Thomisidae;g__Xysticus;s__emertoni	1.0
968b113fe8bfdc068bbe2db323f9ddc0	k__Animalia;p__Arthropoda;c__Insecta;o__Megaloptera;f__Corydalidae;g__Chauliodes;s__pectinicornis	1.0
fd00470fb9f078d697480d2d44169273	k__Animalia;p__Arthropoda;c__Insecta;o__Plecoptera;f__Leuctridae;g__Leuctra;s__maria	1.0
d686be731c0fc8cdd68edff708fb585e	k__Animalia;p__Arthropoda;c__Insecta;o__Megaloptera;f__Corydalidae;g__Chauliodes;s__pectinicornis	1.0
f135e10b33bb89ad8529d939a8544bf3	k__Animalia;p__Arthropoda;c__Insecta;o__Coleoptera;f__Scarabaeidae;g__Onthophagus;s__sagittarius	1.0
1386f9e18b18e423aecb89af30a1d44a	k__Animalia;p__Arthropoda;c__Insecta;o__Lepidoptera;f__Geometridae;g__Eupithecia;s__annulata	1.0
d01de25fb80060dbef15530cd301a4cc	k__Animalia;p__Arthropoda;c__Insecta;o__Hymenoptera;f__Tenthredinidae;g__Anoplonyx;s__	1.0
345ed1a4ea46e7f331d93d06c5454dcf	k__Animalia;p__Arthropoda;c__Insecta;o__Lepidoptera;f__Sphingidae;g__Sphinx;s__poecila	1.0
3186e94c0700045e58e3544417139929	k__Animalia;p__Arthropoda;c__Insecta;o__Diptera;f__Tipulidae;g__Tipula;s__tephrocephala	1.0
11eccef3a2317a8962345dca7d1e9172	k__Animalia;p__Arthropoda;c__Insecta;o__Coleoptera;f__Cantharidae;g__Podabrus;s__nothoides	1.0
1ebdf2cab74d31f61528f5a4ebe04792	k__Animalia;p__Arthropoda;c__Insecta;o__Lepidoptera;f__Noctuidae;g__Epiglaea;s__apiata	1.0
16a43abfc430656f67e5f9b27f4c829c	k__Animalia;p__Arthropoda;c__Insecta;o__Megaloptera;f__Corydalidae;g__Chauliodes;s__pectinicornis	1.0
2d08a2d54e3f9ed21bb57425e8ea9d0c	k__Animalia;p__Arthropoda;c__Insecta;o__Lepidoptera;f__Geometridae;g__Eulithis;s__explanata	1.0
3a8e5314b5ff91cbea6869e98a6e23af	k__Animalia;p__Arthropoda;c__Insecta;o__Lepidoptera;f__Erebidae;g__Zanclognatha;s__protumnusalis	1.0
08b783bc6abd607b50b42ff785489516	k__Animalia;p__Arthropoda;c__Insecta;o__Lepidoptera;f__Erebidae;g__Zale;s__duplicata	1.0
31a6ab8f32ba8ca19b87511d4c3affc2	k__Animalia;p__Arthropoda;c__Arachnida;o__Sarcoptiformes;f__Galumnidae;g__;s__	1.0
df8dadcda72227cf1e38df9d668dac60	k__Animalia;p__Arthropoda;c__Insecta;o__Lepidoptera;f__Noctuidae;g__Hemipachnobia;s__monochromatea	1.0
fc2ed680c2278165cf53cafaa0fc6b23	k__Animalia;p__Arthropoda;c__Insecta;o__Coleoptera;f__Cantharidae;g__Podabrus;s__nothoides	1.0
40afcc267ad72f0fbdc5779bdf4ff894	k__Animalia;p__Arthropoda;c__Insecta;o__Lepidoptera;f__Noctuidae;g__Coenophila;s__opacifrons	1.0
e00ec95d6770f9ec81c4324bda5f922a	k__Animalia;p__Arthropoda;c__Insecta;o__Lepidoptera;f__Noctuidae;g__Coenophila;s__opacifrons	1.0
22b4bbcd1bc9bb4f9824438cbfb67942	k__Animalia;p__Arthropoda;c__Arachnida;o__Araneae;f__Thomisidae;g__Xysticus;s__emertoni	1.0
a94278d583b7cdb5271a0647ff5b48be	k__Animalia;p__Arthropoda;c__Insecta;o__Diptera;f__Culicidae;g__Aedes;s__canadensis	1.0
05a42657c9cac97c318e7c51642df136	k__Animalia;p__Arthropoda;c__Arachnida;o__Araneae;f__Linyphiidae;g__Pityohyphantes;s__costatus	1.0
f019245e357a575ff84c76f4acfbb2ca	k__Animalia;p__Arthropoda;c__Arachnida;o__Araneae;f__Philodromidae;g__Tibellus;s__maritimus	1.0
7f804bba6c4614c633a7514a31524a03	k__Animalia;p__Arthropoda;c__Insecta;o__Lepidoptera;f__Noctuidae;g__Coenophila;s__opacifrons	1.0
257f312265b8488586105039a5b5fe90	k__Animalia;p__Arthropoda;c__Arachnida;o__Araneae;f__Philodromidae;g__Tibellus;s__maritimus	1.0
dfa5b93013ea58f1f9be8096e3f9667c	k__Animalia;p__Arthropoda;c__Insecta;o__Coleoptera;f__Cantharidae;g__Dichelotarsus;s__puberulus	1.0
492a0e41ab749ed6d2c3c2b738d14553	k__Animalia;p__Arthropoda;c__Insecta;o__Diptera;f__Tipulidae;g__Tipula;s__longiventris	1.0
81e33317f53bfc1d2bfac5a5b8f59cf5	k__Animalia;p__Arthropoda;c__Insecta;o__Lepidoptera;f__Noctuidae;g__Loscopia;s__velata	1.0
db9cf39e80623221f8a1fbd7fff8725c	k__Animalia;p__Arthropoda;c__Arachnida;o__Sarcoptiformes;f__Galumnidae;g__;s__	1.0
685148500ba8fec1079a49cf82e9c4a3	k__Animalia;p__Arthropoda;c__Insecta;o__Lepidoptera;f__Noctuidae;g__Epiglaea;s__apiata	1.0
2706c71eec318f84c60ee5f1485ac77a	k__Animalia;p__Arthropoda;c__Arachnida;o__Araneae;f__Thomisidae;g__Xysticus;s__britcheri	1.0
cc58dc666c9eabc2639b62c6f8eecf96	k__Animalia;p__Arthropoda;c__Arachnida;o__Araneae;f__Lycosidae;g__Trebacosa;s__marxi	1.0
e44ab4cbf9307be8d019b757c5c51e96	k__Animalia;p__Arthropoda;c__Arachnida;o__Araneae;f__Philodromidae;g__Ebo;s__iviei	1.0
9d7bc6962a46d330d8d8a7c2e0df6c4b	k__Animalia;p__Arthropoda;c__Insecta;o__Plecoptera;f__Leuctridae;g__Leuctra;s__maria	1.0
10d3d4258e2445df92241ddb311e3934	k__Animalia;p__Arthropoda;c__Arachnida;o__Araneae;f__Philodromidae;g__Tibellus;s__maritimus	1.0
834343cdd52d8732ac023ce2f7b4789b	k__Animalia;p__Arthropoda;c__Arachnida;o__Araneae;f__Gnaphosidae;g__Gnaphosa;s__parvula	1.0
c3e5fd3863d13c6d66d9c985d5112f11	k__Animalia;p__Arthropoda;c__Insecta;o__Lepidoptera;f__Geometridae;g__Hypagyrtis;s__esther	1.0
1310b4ffc2274031a490354f5de8bb18	k__Animalia;p__Arthropoda;c__Insecta;o__Lepidoptera;f__Geometridae;g__Xanthotype;s__	1.0
d8c6af9fed6132cb2ec1f18d71650122	k__Animalia;p__Arthropoda;c__Insecta;o__Hymenoptera;f__;g__;s__	1.0
e0bc47ab43a742455c857d9f26d35065	k__Animalia;p__Arthropoda;c__Arachnida;o__Araneae;f__Thomisidae;g__Xysticus;s__punctatus	1.0
aae00bb17831c3f9204e3cbc4859db58	k__Animalia;p__Arthropoda;c__Insecta;o__Hemiptera;f__Miridae;g__Pilophorus;s__piceicola	1.0
62deed16dbecccaf2ba7f95491c71152	k__Animalia;p__Arthropoda;c__Insecta;o__Lepidoptera;f__Noctuidae;g__Coenophila;s__opacifrons	1.0
c8335d8c6377a9814ce1d8f793bc4914	k__Animalia;p__Arthropoda;c__Arachnida;o__Araneae;f__Gnaphosidae;g__Gnaphosa;s__parvula	1.0
8ae8c8a07124232baf652cbc99a00a26	k__Animalia;p__Arthropoda;c__Insecta;o__Lepidoptera;f__Geometridae;g__Ectropis;s__crepuscularia	1.0
85ad30fed31e9b82afacedc3b34924ce	k__Animalia;p__Arthropoda;c__Insecta;o__Diptera;f__Dolichopodidae;g__;s__	1.0
109ac39285b19ff4a6e0d5b3b58d9c37	k__Animalia;p__Arthropoda;c__Insecta;o__Diptera;f__Limoniidae;g__;s__	1.0
55050c767154794cc7a2f1f33406fc9c	k__Animalia;p__Arthropoda;c__Insecta;o__Lepidoptera;f__Geometridae;g__Xanthotype;s__urticaria	1.0
1caaf59766af22ab6aa1398ec5c9c395	k__Animalia;p__Arthropoda;c__Insecta;o__Lepidoptera;f__Erebidae;g__Macrochilo;s__absorptalis	1.0
088c29f5c7cdd3088f71cbaed88016d8	k__Animalia;p__Arthropoda;c__Arachnida;o__Araneae;f__Clubionidae;g__Clubiona;s__chippewa	1.0
6cb42e074a5f46410d9432afbeb64d5b	k__Animalia;p__Arthropoda;c__Insecta;o__Lepidoptera;f__Noctuidae;g__Sympistis;s__dentata	1.0
5ae46f4a23c4ef527f6a00c53b5600c9	k__Animalia;p__Arthropoda;c__Insecta;o__Coleoptera;f__Elateridae;g__Ampedus;s__mixtus	1.0
f7abf08bb576e8f34e06bc967cc321b1	k__Animalia;p__Arthropoda;c__Insecta;o__Lepidoptera;f__Noctuidae;g__Orthodes;s__cynica	1.0
0998d64089e59414e00efad7f25b4953	k__Animalia;p__Arthropoda;c__Insecta;o__Lepidoptera;f__Geometridae;g__Xanthotype;s__urticaria	1.0
cba5f91d86b635f583699a7e30fbfd65	k__Animalia;p__Arthropoda;c__Insecta;o__Lepidoptera;f__Noctuidae;g__Conservula;s__anodonta	1.0
5d498d6ce90d8c6c0c9ec466dcc0a94c	k__Animalia;p__Arthropoda;c__Insecta;o__Lepidoptera;f__Noctuidae;g__Cryptocala;s__acadiensis	1.0
165e850ac2f037686d0ae43493485ff9	k__Animalia;p__Arthropoda;c__Insecta;o__Hymenoptera;f__Tenthredinidae;g__Pristiphora;s__mollis	1.0
a764ef5cee639aac0d3197858f38cb96	k__Animalia;p__Arthropoda;c__Arachnida;o__Araneae;f__Lycosidae;g__Pardosa;s__moesta	1.0
25a808efa7af9c761b017b00a6654a8c	k__Animalia;p__Arthropoda;c__Insecta;o__Lepidoptera;f__Tortricidae;g__Olethreutes;s__olivaceana	1.0
50d4aa4431af117daa48bf7c660fa3a8	k__Animalia;p__Arthropoda;c__Insecta;o__Diptera;f__Limoniidae;g__Pseudolimnophila;s__inornata	1.0
322429549c525240c49728522e61d9a7	k__Animalia;p__Arthropoda;c__Insecta;o__Lepidoptera;f__Noctuidae;g__Colocasia;s__propinquilinea	1.0
b0adbb716035f212fcad54eed818fb9a	k__Animalia;p__Arthropoda;c__Insecta;o__Lepidoptera;f__Erebidae;g__Lophocampa;s__maculata	1.0
fe33e02c1c7008d95cea4363062daf9c	k__Animalia;p__Arthropoda;c__Insecta;o__Coleoptera;f__Chrysomelidae;g__Tricholochmaea;s__	1.0
64a1cc4089b79d4bd573acbb1b1fe791	k__Animalia;p__Arthropoda;c__Arachnida;o__Araneae;f__Philodromidae;g__Tibellus;s__maritimus	1.0
02868efa5752e21b066f6dc2bdae756b	k__Animalia;p__Arthropoda;c__Insecta;o__Lepidoptera;f__;g__;s__	1.0
905c0ca3c1edb84ec60abd5f7d45644c	k__Animalia;p__Arthropoda;c__Insecta;o__Lepidoptera;f__Heliozelidae;g__Coptodisca;s__kalmiella	1.0
681358aaa813ded18db315be08e54070	k__Animalia;p__Arthropoda;c__Insecta;o__Lepidoptera;f__Geometridae;g__Eulithis;s__explanata	1.0
dfed61f7b57ea4776a2038b9f4da99ae	k__Animalia;p__Arthropoda;c__Insecta;o__Diptera;f__Culicidae;g__;s__	1.0
aecfef499b73106ce98139e03180f8f2	k__Animalia;p__Arthropoda;c__Insecta;o__Diptera;f__Muscidae;g__Helina;s__evecta	1.0
81cbb724bbd183395492a7aa17cf60ef	k__Animalia;p__Arthropoda;c__Arachnida;o__Araneae;f__Gnaphosidae;g__Gnaphosa;s__parvula	1.0
da98d54995b1009db14265c6ddee98b7	Unassigned	1.0
1048b804c51aa095c413335f1bc8382d	k__Animalia;p__Arthropoda;c__Arachnida;o__Araneae;f__Agelenidae;g__Wadotes;s__calcaratus	1.0
1e22521aad417c326a16fa66a7af47b6	k__Animalia;p__Arthropoda;c__Insecta;o__Orthoptera;f__Acrididae;g__Melanoplus;s__	1.0
d4efca623c8e2da03ab63b5068531789	k__Animalia;p__Arthropoda;c__Insecta;o__Lepidoptera;f__Geometridae;g__Hypagyrtis;s__piniata	1.0
8593640fc5ef4bd03af0424be4ec2250	Unassigned	1.0
bac4515e933611cec1a5f968eb298d3f	k__Animalia;p__Arthropoda;c__Insecta;o__Diptera;f__Syrphidae;g__Syrphus;s__torvus	1.0
88c15ce613d9de11bbbf316673fd11c4	Unassigned	1.0
567d83beaba3b95fc00a6057648e22b0	Unassigned	1.0
a3504cca905eb377d9c050f0d1b2d376	Unassigned	1.0
8411cb7d7a80f32bc92e44e4153646ae	k__Animalia;p__Arthropoda;c__Insecta;o__Odonata;f__Coenagrionidae;g__Chromagrion;s__conditum	1.0
a44b95658fa2046159fbc2970a0b9de3	k__Animalia;p__Arthropoda;c__Insecta;o__Lepidoptera;f__Geometridae;g__Phigalia;s__titea	1.0
af977a716eaa4d5c264eb20ef43fbd22	Unassigned	1.0
8d8ea1a6ca5852c710ea859534e1551f	Unassigned	1.0
a279c34e59289b5d1df864d141eceb39	k__Animalia;p__Arthropoda;c__Insecta;o__Lepidoptera;f__Erebidae;g__Spilosoma;s__congrua	1.0
6c344da36e78e86a174865a6365a5fdf	Unassigned	1.0
0009c3a52b8c85f808dd8a83b152693b	k__Animalia;p__Arthropoda;c__Insecta;o__Plecoptera;f__Leuctridae;g__Leuctra;s__duplicata	1.0
cc70482da0cbc6bb2786989975b70992	k__Animalia;p__Arthropoda;c__Arachnida;o__Araneae;f__Dictynidae;g__Emblyna;s__maxima	1.0
0a40762974ec77fe7dd6f3c24ff87775	k__Animalia;p__Arthropoda;c__Insecta;o__Diptera;f__Syrphidae;g__Platycheirus;s__	1.0
7d39ace2164315a768cf17f2f1e8ce1e	Unassigned	1.0
4d90670dfe173537b47eb9bda1c7c210	k__Animalia;p__Arthropoda;c__Insecta;o__Lepidoptera;f__Erebidae;g__Spilosoma;s__congrua	1.0
ece80043110e94b08fb4314ffa2d30ad	Unassigned	1.0
400262e9a33234c0a4a0783d87bdbf4b	k__Animalia;p__Arthropoda;c__Arachnida;o__Araneae;f__Dictynidae;g__Emblyna;s__phylax	1.0
5284198c3926d287f8808c764fa203a0	Unassigned	1.0
96c67bed6788ebd70318e6335e1a1cd9	Unassigned	1.0
557abd9fa6bdb014d48c44d61086bae9	Unassigned	1.0
518b7db6da85a1e8f4413e103663bc33	k__Animalia;p__Arthropoda;c__Arachnida;o__Araneae;f__Salticidae;g__Sibianor;s__aemulus	1.0
b1782312678918577fe2814a174916fa	Unassigned	1.0
cac4a40920d30576c787122dba8f5a15	k__Animalia;p__Arthropoda;c__Arachnida;o__Araneae;f__Philodromidae;g__Philodromus;s__praelustris	1.0
7ebac65e44dc3bb9e7ad54d9ef2df4fa	k__Animalia;p__Arthropoda;c__Arachnida;o__Araneae;f__Philodromidae;g__Tibellus;s__maritimus	1.0
7af3ab5f025a35de388299b523829226	k__Animalia;p__Arthropoda;c__Arachnida;o__Araneae;f__Theridiidae;g__Enoplognatha;s__ovata	1.0
7af1d6fca1d6de41a0ddb776cf6fb797	k__Animalia;p__Arthropoda;c__Insecta;o__Hymenoptera;f__Tenthredinidae;g__Pristiphora;s__bivittata	1.0
ebc5eae07d95bfb0bb4bfc8c4dc7d2f8	k__Animalia;p__Arthropoda;c__Insecta;o__Lepidoptera;f__Noctuidae;g__Elaphria;s__alapallida	1.0
bb5d10d2dff1b8e4c0be37300ec091b0	k__Animalia;p__Arthropoda;c__Arachnida;o__Araneae;f__Linyphiidae;g__Pityohyphantes;s__costatus	1.0
133a9baf13dfd024b756e2dfa54d9c66	k__Animalia;p__Arthropoda;c__Insecta;o__Diptera;f__Culicidae;g__Aedes;s__diantaeus	1.0
042b067e316319e47bcee09a3a2d3008	k__Animalia;p__Arthropoda;c__Arachnida;o__Araneae;f__Araneidae;g__Araneus;s__saevus	1.0
f3023d1cddc3ef5e68d501990f298ba0	k__Animalia;p__Arthropoda;c__Insecta;o__Lepidoptera;f__Crambidae;g__Herpetogramma;s__aquilonalis	1.0
2332d83fc73615c5d96e5e9e86c904a8	k__Animalia;p__Arthropoda;c__Arachnida;o__Araneae;f__Dictynidae;g__Emblyna;s__phylax	1.0
6afbeeb0ecb6864c1fb5814ca70d90de	k__Animalia;p__Arthropoda;c__Insecta;o__Hemiptera;f__Delphacidae;g__Criomorphus;s__conspicuus	1.0
0fb2101f7809ae1287ba02faebb1460e	k__Animalia;p__Arthropoda;c__Arachnida;o__Araneae;f__Philodromidae;g__Tibellus;s__maritimus	1.0
f3485e2748cefa869b22f7eaec6164c3	Unassigned	1.0
1706a3aea11ff803d10b117c85721640	k__Animalia;p__Arthropoda;c__Insecta;o__Hymenoptera;f__Braconidae;g__Pauesia;s__	1.0
c1910d77053b2b8ac26bd84448b72dac	Unassigned	1.0
01253e96c230a438a86b6e43502de40f	k__Animalia;p__Arthropoda;c__Insecta;o__Coleoptera;f__;g__;s__	1.0
ac5c0ac75d873899507949767f2372be	Unassigned	1.0
f05fd11f367a5539e59b077ad2f88dd7	k__Animalia;p__Arthropoda;c__Insecta;o__Plecoptera;f__Leuctridae;g__Leuctra;s__maria	1.0
ff5a6e034b94fb6ea54bed87aab513e4	Unassigned	1.0
1316efce2b13dc7f6909181c6e21a106	Unassigned	1.0
d869873e64b358e867cd9b80c2bb938b	k__Animalia;p__Arthropoda;c__Insecta;o__Diptera;f__Tipulidae;g__Tipula;s__	1.0
734225fec9b32a7ca60437beade8405b	Unassigned	1.0
9f46113441e8c3231d36fe5d44ebdbca	k__Animalia;p__Arthropoda;c__Insecta;o__Odonata;f__Aeshnidae;g__Gomphaeschna;s__furcillata	1.0
43bb7a49f5d00876e58bf19fea088a2a	k__Animalia;p__Arthropoda;c__Insecta;o__Diptera;f__Syrphidae;g__Allograpta;s__obliqua	1.0
bdcf936a672daefe51a3911cac420e33	k__Animalia;p__Arthropoda;c__Insecta;o__Diptera;f__Culicidae;g__Aedes;s__	1.0
4dabfd10c900be4902669a63e972a44a	Unassigned	1.0
d0611a7340f06bafbf06c7bf7ed5a99b	k__Animalia;p__Arthropoda;c__Insecta;o__Lepidoptera;f__Noctuidae;g__Xestia;s__smithii	1.0
860f8cffa512b5772b8ade14477e7b86	Unassigned	1.0
c900398ad256af86b1372057eaf5379a	Unassigned	1.0
fbe3020abdfeaafe0b266427ceab655f	k__Animalia;p__Arthropoda;c__Insecta;o__Lepidoptera;f__Geometridae;g__Eulithis;s__explanata	1.0
c4cb4e228c10680258f380afcbb527d7	k__Animalia;p__Arthropoda;c__Insecta;o__Diptera;f__Chaoboridae;g__Chaoborus;s__punctipennis	1.0
8f56865ddeea404093c0ede08bc8c474	Unassigned	1.0
0c37e56c9c0d1d3037bd2282707ec0eb	k__Animalia;p__Arthropoda;c__Insecta;o__Odonata;f__Macromiidae;g__Didymops;s__transversa	1.0
5252513838b43ab01ed9e4fb6130ace9	Unassigned	1.0
447598f6121de8133e895634c9bb5876	k__Animalia;p__Arthropoda;c__Insecta;o__Lepidoptera;f__Geometridae;g__Eutrapela;s__clemataria	1.0
6d8792260b8121f6f78596ff3fb8fa15	Unassigned	1.0
cadbceb5f26236cf6df50cf13fe0fd05	k__Animalia;p__Arthropoda;c__Arachnida;o__Araneae;f__Dictynidae;g__Emblyna;s__phylax	1.0
4ec9e0a021ce5389aa46a85dcf7a9b52	k__Animalia;p__Arthropoda;c__Arachnida;o__Sarcoptiformes;f__Phthiracaridae;g__;s__	1.0
f5c031d3e30b5e7320f60299eb892e00	k__Animalia;p__Arthropoda;c__Insecta;o__Lepidoptera;f__Hepialidae;g__Sthenopis;s__argenteomaculatus	1.0
f4f2fe5d42162067a1775d46e8ca8d26	k__Animalia;p__Arthropoda;c__Insecta;o__Diptera;f__Xylophagidae;g__Xylophagus;s__	1.0
ff066c4fa61d7c1ebfd55a2c9e6c6472	Unassigned	1.0
bd7a56d7addd1e548afbf8b2d897419a	k__Animalia;p__Arthropoda;c__Arachnida;o__Araneae;f__Clubionidae;g__Clubiona;s__canadensis	1.0
092bd4b067659819a84b1afb60676fd9	k__Animalia;p__Arthropoda;c__Insecta;o__Diptera;f__Asilidae;g__Neoitamus;s__	1.0
e35b1609793eaa75a53bdeba927083de	k__Animalia;p__Arthropoda;c__Insecta;o__Plecoptera;f__Leuctridae;g__Leuctra;s__maria	1.0
b60d05078c94f238ff1dcf11699029a4	k__Animalia;p__Arthropoda;c__Insecta;o__Hymenoptera;f__Tenthredinidae;g__Anoplonyx;s__	1.0
f1b9ce2e899bca1319b4ab21b1253a55	Unassigned	1.0
cd33ed8b08c6e89c7dbfb6cb1a4cc992	k__Animalia;p__Arthropoda;c__Arachnida;o__Araneae;f__Lycosidae;g__Piratula;s__insularis	1.0
19880086e76401a3ecb3e415f322e2e4	Unassigned	1.0
b2ed3f03926fdc40d1859489eab733f3	k__Animalia;p__Arthropoda;c__Arachnida;o__Araneae;f__Lycosidae;g__Piratula;s__insularis	1.0
ddc8038b6f95b18fb86a6c30c3cad90f	k__Animalia;p__Chordata;c__Aves;o__Passeriformes;f__Passerellidae;g__Zonotrichia;s__albicollis	1.0
e706c91fb9215a5d698886b93bbbf828	Unassigned	1.0
4151e9ad9442bb81fb373848d6e10a46	k__Animalia;p__Arthropoda;c__Insecta;o__Lepidoptera;f__Geometridae;g__Cladara;s__limitaria	1.0
8d0a7ef04862f2060014e24f6c7ccf0f	k__Animalia;p__Arthropoda;c__Arachnida;o__Araneae;f__Philodromidae;g__Ebo;s__iviei	1.0
b9309a3498f9bb1c3436ba129b5864fc	k__Animalia;p__Arthropoda;c__Arachnida;o__Araneae;f__Thomisidae;g__Xysticus;s__emertoni	1.0
8d8d51f0b3c69efecda25ee33ff6871b	k__Animalia;p__Arthropoda;c__Arachnida;o__Araneae;f__Thomisidae;g__Xysticus;s__britcheri	1.0
02f3e1783063d8501ab870590fa12d64	k__Animalia;p__Arthropoda;c__Insecta;o__Diptera;f__Pediciidae;g__;s__	1.0
f05cd4c583db0501388e191c2ccdcb6c	k__Animalia;p__Arthropoda;c__Insecta;o__Lepidoptera;f__;g__;s__	1.0
0e7a47617ce5c6754f215baaf9614045	k__Animalia;p__Arthropoda;c__Insecta;o__Ephemeroptera;f__Ephemerellidae;g__Eurylophella;s__prudentalis	1.0
5b47b989d66001762250598b3f1abfff	k__Animalia;p__Arthropoda;c__Arachnida;o__Araneae;f__Theridiidae;g__Theridion;s__albidum	1.0
5fd647138f4493fb1e45a0b88cd0788e	Unassigned	1.0
8669bec779f2e7961f950ea9a8236178	k__Animalia;p__Arthropoda;c__Insecta;o__Diptera;f__Limoniidae;g__;s__	1.0
56a623780549b3236bb0316e7190b789	Unassigned	1.0
ea37e41fd048afce1d8212701227ed36	k__Animalia;p__Arthropoda;c__Insecta;o__Hemiptera;f__Delphacidae;g__Criomorphus;s__conspicuus	1.0
022947c33b84629e647ca4561f044d9d	k__Animalia;p__Arthropoda;c__Arachnida;o__Araneae;f__Theridiidae;g__Theridion;s__differens	1.0
622ea3879ff1994048934f525cc79240	k__Animalia;p__Arthropoda;c__Arachnida;o__Araneae;f__Theridiosomatidae;g__Theridiosoma;s__gemmosum	1.0
059208146d4b80e04e308a36d7103c32	k__Animalia;p__Arthropoda;c__Insecta;o__Hymenoptera;f__Braconidae;g__Pauesia;s__	1.0
ab5674878a1d452a3ef418b76ab78cd1	k__Animalia;p__Arthropoda;c__Insecta;o__Trichoptera;f__Limnephilidae;g__Nemotaulius;s__hostilis	1.0
5d2aebdf1f284bf075435324d5439585	k__Animalia;p__Arthropoda;c__Arachnida;o__Araneae;f__Philodromidae;g__Tibellus;s__maritimus	1.0
132baed392d0bd8f9673ec503cb9956b	k__Animalia;p__Arthropoda;c__Arachnida;o__Araneae;f__Clubionidae;g__Clubiona;s__canadensis	1.0
744e22792bd640aa8a68e5d08a4e630e	k__Animalia;p__Arthropoda;c__Arachnida;o__Araneae;f__Tetragnathidae;g__Tetragnatha;s__shoshone	1.0
775382486ad76f975319541858e2d16b	k__Animalia;p__Arthropoda;c__Insecta;o__Diptera;f__Limoniidae;g__Euphylidorea;s__platyphallus	1.0
b1e1d5f135754afe4f056285016e52ac	k__Animalia;p__Arthropoda;c__Insecta;o__Lepidoptera;f__Noctuidae;g__Epiglaea;s__apiata	1.0
02b32c0e356ea2211c096440d71e728c	k__Animalia;p__Arthropoda;c__Arachnida;o__Araneae;f__Salticidae;g__Evarcha;s__hoyi	1.0
144708b9fe0463bd962e694b14d2ed76	k__Animalia;p__Arthropoda;c__Insecta;o__Diptera;f__Syrphidae;g__Blera;s__confusa	1.0
5f817bf7511a3d1fcd3f723cfcad9240	k__Animalia;p__Arthropoda;c__Arachnida;o__Araneae;f__Thomisidae;g__Xysticus;s__britcheri	1.0
728c6e9a5572b77dd044acea18295475	k__Animalia;p__Arthropoda;c__Insecta;o__Coleoptera;f__Elateridae;g__Ampedus;s__luctuosus	1.0
95aa0acd66f10898f9e362e619c4ae5d	Unassigned	1.0
73510ced4cf8f7b50e2f66ef6d056ce1	k__Animalia;p__Arthropoda;c__Insecta;o__Diptera;f__Ceratopogonidae;g__Palpomyia;s__	1.0
f4cdae5a110b50c85012ae2537d3e404	k__Animalia;p__Arthropoda;c__Insecta;o__Psocodea;f__Amphipsocidae;g__Polypsocus;s__corruptus	1.0
05cfb20c9316b09a3c25f10ce6705a88	k__Animalia;p__Arthropoda;c__Arachnida;o__Araneae;f__Thomisidae;g__Xysticus;s__emertoni	1.0
dde6e82373b775a996029387ac9658e2	k__Animalia;p__Arthropoda;c__Insecta;o__Trichoptera;f__Limnephilidae;g__Platycentropus;s__radiatus	1.0
8d6d7a70ca5dc70c7d9fcb9add1fc39f	k__Animalia;p__Arthropoda;c__Diplopoda;o__Julida;f__Parajulidae;g__;s__	1.0
ebd5350b05edc70a1acd502a5774daf9	k__Animalia;p__Arthropoda;c__Insecta;o__Orthoptera;f__Acrididae;g__Stethophyma;s__lineatum	1.0
035c28f4c93daa8fc0685189f75b2d06	k__Animalia;p__Arthropoda;c__Insecta;o__Diptera;f__Empididae;g__Rhamphomyia;s__	1.0
8995a8897406967ae471306ce11af58e	k__Animalia;p__Arthropoda;c__Arachnida;o__Araneae;f__Theridiidae;g__Theridion;s__differens	1.0
efc9037c1d78af744d04f9bc1c6d2c84	Unassigned	1.0
924dfb81945aef490513ec17d0af600d	k__Animalia;p__Arthropoda;c__Insecta;o__Diptera;f__Limoniidae;g__Elephantomyia;s__westwoodi	1.0
4c67896c070f34688e6b60cff16dce34	k__Animalia;p__Arthropoda;c__Insecta;o__Hymenoptera;f__Braconidae;g__Pauesia;s__	1.0
84c5cbff00bd2485aaa1e0b2a2ecd1a1	Unassigned	1.0
26823674f3647ae449131ef24869b546	k__Animalia;p__Arthropoda;c__Insecta;o__Neuroptera;f__Hemerobiidae;g__Wesmaelius;s__longifrons	1.0
c9133eba66328cfcaeb17a8ceeaa7732	k__Animalia;p__Arthropoda;c__Insecta;o__Diptera;f__Tabanidae;g__Hybomitra;s__pechumani	1.0
fc20c3ccc116fd2dab77720d008c9e89	k__Animalia;p__Arthropoda;c__Insecta;o__Lepidoptera;f__Noctuidae;g__Amphipyra;s__pyramidoides	1.0
0486df68a2e86d97d66a2f834250d3ed	Unassigned	1.0
71d7fae845a1343810b0b71642ded0c3	k__Animalia;p__Arthropoda;c__Insecta;o__Lepidoptera;f__;g__;s__	1.0
9bad2891cd27980d40ffeff4562e1f20	k__Animalia;p__Arthropoda;c__Arachnida;o__Araneae;f__Lycosidae;g__Pardosa;s__moesta	1.0
78cd60eefd1dd3df79a705a63bbf7cfb	k__Animalia;p__Arthropoda;c__Arachnida;o__Araneae;f__Salticidae;g__Attulus;s__floricola	1.0
5162580dfb274c31109adb30f80d5563	Unassigned	1.0
b2aa8eaf6e55d98903db732907773b6e	k__Animalia;p__Arthropoda;c__Insecta;o__Diptera;f__Tabanidae;g__Atylotus;s__thoracius	1.0
2c638ab611b19b49ec2ffac49e0b237c	Unassigned	1.0
07e1d9fd94050831d9bdbb249e8583fa	k__Animalia;p__Arthropoda;c__Insecta;o__Coleoptera;f__Cantharidae;g__Podabrus;s__diadema	1.0
5d3e7945a75e239e963ed35f9e47acb3	Unassigned	1.0
97caf5ae955dc4419f622d260c80ef1e	k__Animalia;p__Arthropoda;c__Insecta;o__Coleoptera;f__Cantharidae;g__Podabrus;s__modestus	1.0
46749ebf3521483086b9f49c2eef051d	Unassigned	1.0
b67b61007178b57de8bf7efbce42645a	k__Animalia;p__Arthropoda;c__Insecta;o__Diptera;f__Limoniidae;g__Elephantomyia;s__westwoodi	1.0
98c9b2e34857df943fd42c81dc73c334	k__Animalia;p__Arthropoda;c__Arachnida;o__Araneae;f__Thomisidae;g__Xysticus;s__britcheri	1.0
19a506d2ca6159d385c8bb9a932a094f	k__Animalia;p__Arthropoda;c__Insecta;o__Diptera;f__Keroplatidae;g__Macrocera;s__stigma	1.0
551328a0aac16b065e438cc7943f2f80	k__Animalia;p__Arthropoda;c__Insecta;o__Coleoptera;f__Tenebrionidae;g__Isomira;s__quadristriata	1.0
7239c55f58a6f9948c9c630419b78193	k__Animalia;p__Arthropoda;c__Insecta;o__Hymenoptera;f__Tenthredinidae;g__Pristiphora;s__mollis	1.0
9a6817d4dfeb6642891b628ed46baa57	k__Animalia;p__Arthropoda;c__Insecta;o__Lepidoptera;f__Noctuidae;g__Xylotype;s__arcadia	1.0
f826e7ff1e1c69d333ba37d9df98336c	k__Animalia;p__Arthropoda;c__Insecta;o__Coleoptera;f__Stenotrachelidae;g__Cephaloon;s__lepturoides	1.0
91d62ee227066dbd1e3162da54a9a484	k__Animalia;p__Arthropoda;c__Arachnida;o__Araneae;f__Thomisidae;g__Xysticus;s__emertoni	1.0
23f999e335e3f3662bfd1d226ef05994	k__Animalia;p__Arthropoda;c__Insecta;o__Lepidoptera;f__Geometridae;g__Idaea;s__rotundopennata	1.0
db4727b50459c01a1596cc5cb8ab6f6d	Unassigned	1.0
55be662e3c9685c6525baca3d0d2dfaf	k__Animalia;p__Arthropoda;c__Insecta;o__Diptera;f__Syrphidae;g__Parasyrphus;s__vockerothi	1.0
317b0cde3a13374822ffef922b6407e5	Unassigned	1.0
02178309f68c93e46f74378c824b9c50	Unassigned	1.0
353c80b53e9d5d6f01b712c8b23d14ed	k__Animalia;p__Arthropoda;c__Insecta;o__Lepidoptera;f__Geometridae;g__Speranza;s__brunneata	1.0
04c180502f4f188cb784ba93862f1587	Unassigned	1.0
c7856a8f18d1f1c19afc68b96ec337cf	k__Animalia;p__Arthropoda;c__Insecta;o__Diptera;f__Chironomidae;g__Limnophyes;s__	1.0
e39da7c15ca97210d34ab8007b6d0db1	k__Animalia;p__Arthropoda;c__Arachnida;o__Araneae;f__Theridiidae;g__Euryopis;s__funebris	1.0
4195c87b9e5efbad9530ce49c9ced2c0	Unassigned	1.0
c2864a27903351ef122cb08e36a4d27e	k__Animalia;p__Arthropoda;c__Insecta;o__Lepidoptera;f__Geometridae;g__Xanthotype;s__urticaria	1.0
6adc7bb56cd6d9f06e87a76aab0f1ded	k__Animalia;p__Arthropoda;c__Arachnida;o__Araneae;f__Gnaphosidae;g__Gnaphosa;s__parvula	1.0
159b5f80a19677647b447c8d6aa6853a	k__Animalia;p__Arthropoda;c__Insecta;o__Diptera;f__Empididae;g__;s__	1.0
7e4a059a60eace9fb87701fc6d9c3ee2	k__Animalia;p__Arthropoda;c__Insecta;o__Lepidoptera;f__Tortricidae;g__Clepsis;s__persicana	1.0
e948b363bc5618f8e3a996c1490ed430	Unassigned	1.0
a67dee232a8d7c63a2d882e7ccc23bd2	Unassigned	1.0
4893cfb6d793be3f56a22bd4aed38c51	k__Animalia;p__Arthropoda;c__Insecta;o__Coleoptera;f__Cantharidae;g__Dichelotarsus;s__puberulus	1.0
da1ee3496eec45d40b63f0b7d23271ca	k__Animalia;p__Arthropoda;c__Arachnida;o__Araneae;f__Thomisidae;g__Ozyptila;s__distans	1.0
1eb53ef645138ee6c72f4185236110f1	k__Animalia;p__Arthropoda;c__Insecta;o__Lepidoptera;f__Crambidae;g__Scoparia;s__penumbralis	1.0
c5a028ea2d8f6067675dfe3ed9aa5903	Unassigned	1.0
9ab6f3090ccf4fefde11c0d3fea43376	Unassigned	1.0
cf910fa2d3b53caa193fece275d5de12	Unassigned	1.0
c723f8e61296db025c7df7ff5a44b324	k__Animalia;p__Arthropoda;c__Insecta;o__Diptera;f__Tabanidae;g__Hybomitra;s__pechumani	1.0
b5a37159f71b15dd3d2310314bed57fc	Unassigned	1.0
83703d68e0ec9438b8467eea5419e232	k__Animalia;p__Arthropoda;c__Insecta;o__Lepidoptera;f__Depressariidae;g__Psilocorsis;s__reflexella	1.0
ca5a569a380336784a82bbaefa4cfd91	Unassigned	1.0
44b75d41eec4aff8b5171e1d1a8f92d1	Unassigned	1.0
0bff7f14f1ac73012371c3fdb35ed979	Unassigned	1.0
908c265cf1b3e57c95d40e55d0fccde0	Unassigned	1.0
e220e5fec2c0343b95c6e35e8dcfdfaf	k__Animalia;p__Arthropoda;c__Arachnida;o__Araneae;f__Lycosidae;g__Piratula;s__insularis	1.0
65401f8ae9beda004f59e7482427f921	Unassigned	1.0
a02634c68c76d2330cf5626638256fa9	k__Animalia;p__Arthropoda;c__Arachnida;o__Araneae;f__Theridiidae;g__Euryopis;s__funebris	1.0
5fe25dd59054ddbd052a15bf5bb680ef	Unassigned	1.0
625a3aed1e9eea46edab13ed140e85b0	Unassigned	1.0
5a92332f989a599cc22de7f05384ac54	k__Animalia;p__Arthropoda;c__Arachnida;o__Araneae;f__Theridiidae;g__Robertus;s__riparius	1.0
e45693bcbbe2565fa9fe229404cd853f	k__Animalia;p__Arthropoda;c__Insecta;o__Coleoptera;f__Cantharidae;g__Podabrus;s__nothoides	1.0
5f5b745b6f8df393036ff6adc1c1719d	k__Animalia;p__Arthropoda;c__Insecta;o__Lepidoptera;f__Noctuidae;g__Ulolonche;s__culea	1.0
58612d2d860487b75d2b7d1513e72e14	k__Animalia;p__Arthropoda;c__Insecta;o__Lepidoptera;f__Geometridae;g__Eufidonia;s__	1.0
fd007e68bed35b0ee951fabcfedb2ed7	k__Animalia;p__Arthropoda;c__Arachnida;o__Araneae;f__Dictynidae;g__Emblyna;s__sublata	1.0
ff2b79e1e95642247516e70ea5cfc616	k__Animalia;p__Arthropoda;c__Arachnida;o__;f__;g__;s__	1.0
68e66535679d96bc8460d4179231e86a	k__Animalia;p__Arthropoda;c__Insecta;o__Lepidoptera;f__Gelechiidae;g__Chionodes;s__mediofuscella	1.0
63f8c3d3e9b6a1fee1391fd3cf5fdab0	k__Animalia;p__Arthropoda;c__Arachnida;o__;f__;g__;s__	1.0
aaf7e30fb0693a5226a094151587c37d	Unassigned	1.0
a9a5f84467926548dd17cccdefa9cb97	Unassigned	1.0
793b0634f56c16a8381e6d09c8e693d4	k__Animalia;p__Arthropoda;c__Insecta;o__Diptera;f__Culicidae;g__Aedes;s__	1.0
7eda2073a66894165c184613221ef391	Unassigned	1.0
c319dba8ec67bd0ec0fc878472e277e5	k__Animalia;p__Arthropoda;c__Insecta;o__Diptera;f__Tabanidae;g__Hybomitra;s__zonalis	1.0
e0d7a6671722cc8d5fd59accd6e25fe9	k__Animalia;p__Arthropoda;c__Insecta;o__Lepidoptera;f__Tortricidae;g__Clepsis;s__persicana	1.0
aa68cee92a3289765fb9a98fa169ff76	k__Animalia;p__Arthropoda;c__Insecta;o__Lepidoptera;f__Noctuidae;g__Xestia;s__smithii	1.0
811a3a56fb9536ec4b4916462de294e1	k__Animalia;p__Arthropoda;c__Insecta;o__Diptera;f__Empididae;g__;s__	1.0
a255fe3eac4441d42d0fb32aaf3c0bbd	k__Animalia;p__Arthropoda;c__Insecta;o__Hemiptera;f__Tingidae;g__Acalypta;s__elegans	1.0
d09219664048635b4f42e04f6b6f0707	Unassigned	1.0
85ce88d3c0207a45c22bf1b23e45df35	Unassigned	1.0
c0d798f78ebee8d1a343c12aa3a26bfe	Unassigned	1.0
77855979158608dc5ec9604ef1ed40d2	k__Animalia;p__Arthropoda;c__Insecta;o__Diptera;f__Culicidae;g__Aedes;s__canadensis	1.0
92459f0c70e25918b1be4f7c5ea5db71	Unassigned	1.0
d4bb8fa77c2a70c2bff1dc4dff4060fb	Unassigned	1.0
db2ff23ddf67b1c2333fe48292597cdd	k__Animalia;p__Arthropoda;c__Insecta;o__Lepidoptera;f__Tortricidae;g__Aphelia;s__alleniana	1.0
dfed70bdc4f6ac65da0bd9902d2eb9c1	k__Animalia;p__Arthropoda;c__Insecta;o__Lepidoptera;f__Tortricidae;g__Pseudexentera;s__maracana	1.0
f18581ebf9b7e40c3ca714e7cface1e0	Unassigned	1.0
cef7e3b3b32a1aa2e5955907d7ded49a	k__Animalia;p__Arthropoda;c__Insecta;o__Hemiptera;f__Aphididae;g__Pachypappa;s__rosettei	1.0
55c0d082efe967c9240dd86ecc303b16	Unassigned	1.0
babf33441faa937989a237c373baadc7	k__Animalia;p__Arthropoda;c__Arachnida;o__Araneae;f__Philodromidae;g__Philodromus;s__peninsulanus	1.0
4850a2592322f2aef65ed577a12ae78a	k__Animalia;p__Arthropoda;c__Insecta;o__Coleoptera;f__;g__;s__	1.0
24023ba7f112422bd3b94d2643f73b20	k__Animalia;p__Arthropoda;c__Arachnida;o__Araneae;f__Lycosidae;g__Pardosa;s__moesta	1.0
913ff2e3ed95e40b08ed876f6923c87d	Unassigned	1.0
785a20f93b9a43985e7e31588ac84535	k__Animalia;p__Arthropoda;c__Insecta;o__Diptera;f__Tabanidae;g__Hybomitra;s__zonalis	1.0
ced69170354f8591e519a631d7c4b76e	k__Animalia;p__Arthropoda;c__Insecta;o__Diptera;f__Limoniidae;g__;s__	1.0
d234175d9aef2177f9265d28a101776e	k__Animalia;p__Arthropoda;c__Insecta;o__Lepidoptera;f__Noctuidae;g__Xestia;s__dilucida	1.0
74658a5c351f910264ccd972fad23752	Unassigned	1.0
0f317d7b2abd7471f6439babea542903	Unassigned	1.0
7f88798b76e61885bc2596d806ef5b9f	Unassigned	1.0
37c62c981dded76db63176a64e452569	Unassigned	1.0
18b90dcb400e6b2ee0c17a9c166936c8	k__Animalia;p__Arthropoda;c__Insecta;o__Lepidoptera;f__Erebidae;g__Catocala;s__alabamae	1.0
f540b5567cbcd9abd2253d608827dead	k__Animalia;p__Arthropoda;c__Insecta;o__Lepidoptera;f__Noctuidae;g__Orthosia;s__revicta	1.0
87baeee0fec37ad737b46be58bd8e641	k__Animalia;p__Arthropoda;c__Insecta;o__Diptera;f__;g__;s__	1.0
fa42aa28cf0318ce1bfa7c24396140f4	Unassigned	1.0
333cb15830ba2bc563ea2d8c53ee250b	Unassigned	1.0
275c3c116677ef2487ef858470605e24	k__Animalia;p__Arthropoda;c__Insecta;o__Psocodea;f__Dasydemellidae;g__Teliapsocus;s__	1.0
7f8e87b24e34eed8dfbeb6762a4855a2	k__Animalia;p__Arthropoda;c__Insecta;o__Diptera;f__Limoniidae;g__;s__	1.0
6cc5bb429366f411fdc6a8386a710774	k__Animalia;p__Arthropoda;c__Insecta;o__Lepidoptera;f__Noctuidae;g__Elaphria;s__versicolor	1.0
94622b81e154c2eeafce30621377b5b9	k__Animalia;p__Arthropoda;c__Insecta;o__Lepidoptera;f__Noctuidae;g__Elaphria;s__alapallida	1.0
13d11e3c6a28d735090737ef8c8e884a	k__Animalia;p__Arthropoda;c__Insecta;o__Lepidoptera;f__Geometridae;g__Protoboarmia;s__porcelaria	1.0
aefc2822ec63c8ce4ac7b8f03028a304	Unassigned	1.0
89b723c805e76f7e429bc3c6bcea1e66	k__Animalia;p__Arthropoda;c__Insecta;o__Lepidoptera;f__Crambidae;g__Herpetogramma;s__aquilonalis	1.0
3f74cbe78cbe99572c7f09aa523f710c	Unassigned	1.0
812c0e7468965291f48f5f56f267344e	k__Animalia;p__Arthropoda;c__Insecta;o__Lepidoptera;f__Geometridae;g__Scopula;s__limboundata	1.0
fb7e6e79e8f0b9fccbf8a79573b82c59	k__Animalia;p__Arthropoda;c__Arachnida;o__Araneae;f__Theridiidae;g__Neottiura;s__bimaculata	1.0
9bf1c8d5f6aa0c311e0e11b1e2e0a82a	k__Animalia;p__Arthropoda;c__Arachnida;o__Araneae;f__Linyphiidae;g__Pityohyphantes;s__alticeps	1.0
9e18c69bf8594e1c4087ef76eb7b8174	Unassigned	1.0
a965feb8638140a4657de8fb6cd0dcd6	Unassigned	1.0
52ed46ba6b0164c54b5823cfd6fbf628	Unassigned	1.0
e45ed54d5a793ddbff388a5980f17e64	k__Animalia;p__Arthropoda;c__Insecta;o__Diptera;f__Sciaridae;g__;s__	1.0
380e4850f167aa923b1015dd215640c8	k__Animalia;p__Arthropoda;c__Insecta;o__Diptera;f__Rhagionidae;g__Rhagio;s__mystaceus	1.0
33a0cd4b3dc18737a4d2334e0151e053	k__Animalia;p__Arthropoda;c__Insecta;o__Lepidoptera;f__Hesperiidae;g__Polites;s__mystic	1.0
834d6638db04176fc59c19c78dc4748c	k__Animalia;p__Arthropoda;c__Arachnida;o__Araneae;f__Linyphiidae;g__Pityohyphantes;s__subarcticus	1.0
95bd343b1fa5d7cfdd4708591fb874bb	k__Animalia;p__Arthropoda;c__Insecta;o__Megaloptera;f__Sialidae;g__Sialis;s__joppa	1.0
0d5987c8c38271ec8e45b0459fb36174	Unassigned	1.0
793b55dc2017ce23758b797a5453525f	Unassigned	1.0
7fc6ed467a0663f0512cfa3220c40e9b	k__Animalia;p__Arthropoda;c__Arachnida;o__Araneae;f__Thomisidae;g__Xysticus;s__britcheri	1.0
d7d2a85a27f1d48750c8c22898ed3a54	k__Animalia;p__Arthropoda;c__Insecta;o__Coleoptera;f__Cantharidae;g__Rhagonycha;s__hirticula	1.0
2837436128fed8b81675e0c41e2b15ce	k__Animalia;p__Arthropoda;c__Arachnida;o__Araneae;f__Dictynidae;g__Emblyna;s__phylax	1.0
3e6d3bfa1c05fe2c4d0aa54623f07898	k__Animalia;p__Arthropoda;c__Arachnida;o__Araneae;f__Thomisidae;g__Xysticus;s__emertoni	1.0
348bc96f189ae7d1977d2c2aa4f52ced	k__Animalia;p__Arthropoda;c__Insecta;o__Diptera;f__Syrphidae;g__Syrphus;s__torvus	1.0
07fde19d32a80d761701f6fbfcaa5cea	k__Animalia;p__Arthropoda;c__Insecta;o__Diptera;f__Culicidae;g__Aedes;s__	1.0
1be60ceceeae38358eb4fc1792ac862e	Unassigned	1.0
cfb687c442c6b9c3b3efb9f798a33c8b	k__Animalia;p__Arthropoda;c__Insecta;o__Hemiptera;f__Aphididae;g__Mindarus;s__obliquus	1.0
2113509773454a928ed3559a65dcf501	k__Animalia;p__Arthropoda;c__Insecta;o__Diptera;f__Culicidae;g__;s__	1.0
1843225fc8a4c2184e88241aa6672763	k__Animalia;p__Arthropoda;c__Insecta;o__Diptera;f__Syrphidae;g__Pipiza;s__quadrimaculata	1.0
521a76c40d347faec94dcde73450b55e	k__Animalia;p__Arthropoda;c__Insecta;o__Diptera;f__Simuliidae;g__Simulium;s__	1.0
b1aee69bdfd9e3c2f6bdda2e6a4cd7f1	k__Animalia;p__Arthropoda;c__Insecta;o__Hymenoptera;f__Ichneumonidae;g__Hyposoter;s__inquinatus	1.0
e54b71fcd7e58257ddce94bf0b5bfa90	Unassigned	1.0
3742f8da83a107a6705d1335a12b8c7b	Unassigned	1.0
9efb2df30f260798b0574161b1369d1a	Unassigned	1.0
de7c48ca0af6019743bf55e9acb2e685	k__Animalia;p__Arthropoda;c__Insecta;o__Coleoptera;f__Elateridae;g__Ampedus;s__mixtus	1.0
9a4b77f93afaa69409d2a97dcb6f2c50	Unassigned	1.0
f033a859e9849984c83512678f18d003	k__Animalia;p__Arthropoda;c__Insecta;o__Lepidoptera;f__Crambidae;g__Anageshna;s__primordialis	1.0
72d776eab59b00dae9fcf8a72e8db513	Unassigned	1.0
4019c7647ba4b790fc8658b9c2ffd530	k__Animalia;p__Arthropoda;c__Insecta;o__Hymenoptera;f__Ichneumonidae;g__Netelia;s__	1.0
8ebaf2891035f75d110e07ae199df454	k__Animalia;p__Arthropoda;c__Insecta;o__Hymenoptera;f__Tenthredinidae;g__Monsoma;s__inferentium	1.0
57d25d2db69c3589b85118f26c443ece	Unassigned	1.0
375dc22089edb8f7bf05dabcc6cbd962	k__Animalia;p__Arthropoda;c__Arachnida;o__Araneae;f__Dictynidae;g__Emblyna;s__manitoba	1.0
0fdc917a9880c8da2eda02dfa0a3d0b7	k__Animalia;p__Arthropoda;c__Insecta;o__Diptera;f__Syrphidae;g__Lapposyrphus;s__	1.0
2824dafc9235871326e5ea243716fe4d	k__Animalia;p__Arthropoda;c__Arachnida;o__Araneae;f__Tetragnathidae;g__Tetragnatha;s__shoshone	1.0
419acf063e0c7cfaf859a20efab52319	Unassigned	1.0
de11f8bac32c21672e0c069d9455fd00	k__Animalia;p__Arthropoda;c__Arachnida;o__Araneae;f__Linyphiidae;g__Kaestneria;s__rufula	1.0
10d5c0e0b1d40238674be5c8b0336ed5	k__Animalia;p__Arthropoda;c__Insecta;o__Diptera;f__Syrphidae;g__Platycheirus;s__rosarum	1.0
6be692e5d1e813cbed4f5c50fd07ad19	Unassigned	1.0
d5a9a756403b7c647876f5a85307c86d	k__Animalia;p__Arthropoda;c__Insecta;o__Trichoptera;f__Limnephilidae;g__Limnephilus;s__moestus	1.0
63f48ec591d287cd249c33bf9dbec3f1	k__Animalia;p__Arthropoda;c__Arachnida;o__Araneae;f__Cybaeidae;g__Cryphoeca;s__montana	1.0
fc722e9048b164fb02fc32632b55cf2d	k__Animalia;p__Arthropoda;c__Insecta;o__Lepidoptera;f__Noctuidae;g__Deltote;s__bellicula	1.0
3d73d32242f901d44c1a9c3c3c13784b	k__Animalia;p__Arthropoda;c__Arachnida;o__Araneae;f__Lycosidae;g__Piratula;s__cantralli	1.0
78bb9356be0c3d0c781529ee0cb76b2e	k__Animalia;p__Arthropoda;c__Insecta;o__Lepidoptera;f__Noctuidae;g__Coenophila;s__opacifrons	1.0
e6ccb3c731a12908775b5973609675a1	Unassigned	1.0
998b94b967eacc6f6d88916164259571	Unassigned	1.0
6893712b7dbdf3ca005808f387a68d74	k__Animalia;p__Arthropoda;c__Insecta;o__Diptera;f__Syrphidae;g__Chalcosyrphus;s__inarmatus	1.0
ad2429e66dc8e1b6d3bd5aebda6b74c6	k__Animalia;p__Arthropoda;c__Arachnida;o__Araneae;f__Lycosidae;g__Piratula;s__cantralli	1.0
a670b5651dd943c1dab5db1693b450b5	Unassigned	1.0
a394e0285c3513777f9a0178c92c1ef4	Unassigned	1.0
3d2f2438922ceb404b799ed39f461f0a	k__Animalia;p__Arthropoda;c__Arachnida;o__Araneae;f__Philodromidae;g__Tibellus;s__maritimus	1.0
0bf43d12c3d0303eaa0d58af8a3ffbf9	k__Animalia;p__Arthropoda;c__Insecta;o__Diptera;f__;g__;s__	1.0
24cc9453a4608417510a86ba3b9a08c0	k__Animalia;p__Arthropoda;c__Insecta;o__Diptera;f__Simuliidae;g__Simulium;s__	1.0
d94dd89d8bc9a14211f1604b6765d35e	k__Animalia;p__Arthropoda;c__Insecta;o__Orthoptera;f__Acrididae;g__Melanoplus;s__	1.0
97a175aa2fa6c29a017a61956f920e31	k__Animalia;p__Arthropoda;c__Insecta;o__Lepidoptera;f__Erebidae;g__Macrochilo;s__absorptalis	1.0
2402b10f3bf157505d562d4650a5f59c	k__Animalia;p__Arthropoda;c__Insecta;o__Hymenoptera;f__;g__;s__	1.0
97b48dda17fc9d1e5efc9abee656adf8	k__Animalia;p__Arthropoda;c__Insecta;o__Hemiptera;f__Lygaeidae;g__Kleidocerys;s__resedae	1.0
65a18ce8733e614badd15b106b77af51	Unassigned	1.0
8f0928be01a0dd42eab53c951f71d158	k__Animalia;p__Arthropoda;c__Insecta;o__Diptera;f__Empididae;g__;s__	1.0
7954d4b62b43051d0f25ca1df21f7480	Unassigned	1.0
d1e52a6df46e8471b2b6e8cbc170eea2	k__Animalia;p__Arthropoda;c__Insecta;o__Lepidoptera;f__Tortricidae;g__Acleris;s__curvalana	1.0
da04d92ed138c53c393bad936f9457b4	Unassigned	1.0
1add8759b550aec0bfa78c8f93e6b314	Unassigned	1.0
a492242a27efc186f67050b7fdefefcc	k__Animalia;p__Arthropoda;c__Arachnida;o__Araneae;f__Thomisidae;g__Xysticus;s__emertoni	1.0
baed768d695c431b255e7cad2fb99fe7	k__Animalia;p__Arthropoda;c__Insecta;o__Coleoptera;f__Scirtidae;g__Contacyphon;s__obscurus	1.0
7033361e3a59b730da399b2543ac102b	k__Animalia;p__Arthropoda;c__Arachnida;o__Araneae;f__Philodromidae;g__Tibellus;s__maritimus	1.0
3c62e0b79531f8882a2fd579c76a775a	k__Animalia;p__Arthropoda;c__Arachnida;o__Araneae;f__Theridiidae;g__Dipoena;s__nigra	1.0
351753f8c92e93f259b62f65f55e542c	k__Animalia;p__Arthropoda;c__Arachnida;o__Trombidiformes;f__Tydeidae;g__;s__	1.0
1b116db80d5a85e33b5613d45db6f0d8	k__Animalia;p__Arthropoda;c__Insecta;o__Diptera;f__Tachinidae;g__Cyrtophloeba;s__coquilletti	1.0
0736ff7d68d026177d2b07471547ca6e	Unassigned	1.0
fcdab8e4e13c7758bec00f1c59e4a7e8	k__Animalia;p__Arthropoda;c__Insecta;o__Diptera;f__Muscidae;g__;s__	1.0
9d6de0a01ad4e19bfa0dcec6b3ef4ec9	k__Animalia;p__Arthropoda;c__Insecta;o__Diptera;f__Syrphidae;g__Lapposyrphus;s__	1.0
79f2d4dc581aa7d1dc20a151f9a4e872	Unassigned	1.0
763dd2354ce127b6282171665dde10e6	k__Animalia;p__Arthropoda;c__Insecta;o__Hymenoptera;f__Ichneumonidae;g__Enicospilus;s__	1.0
642470ea19b23b9077b29f60c6a3ba30	k__Animalia;p__Arthropoda;c__Insecta;o__Lepidoptera;f__Gelechiidae;g__Aroga;s__argutiola	1.0
9a39c012ea3044b8c9169b79a935ae33	Unassigned	1.0
a2f1012cd6da822e1ff3bb918ff721f2	k__Animalia;p__Arthropoda;c__Insecta;o__Diptera;f__Rhagionidae;g__Rhagio;s__mystaceus	1.0
e6d9e5b69c0de712072a319178d64c2d	Unassigned	1.0
f790f587e62610430aa9ce12e96ce976	k__Animalia;p__Arthropoda;c__Insecta;o__Hemiptera;f__Adelgidae;g__Pineus;s__	1.0
6c799f0daacb10d8c22d865b0bc5451b	k__Animalia;p__Arthropoda;c__Insecta;o__Diptera;f__Syrphidae;g__Syrphus;s__torvus	1.0
3a49ddfaaa781eba09fe442e45e2686e	Unassigned	1.0
088a26f55b34fad4f99a9fa851493600	k__Animalia;p__Arthropoda;c__Insecta;o__Lepidoptera;f__Noctuidae;g__Sideridis;s__congermana	1.0
aeb6e2381607e221e6ac87f816d205ff	k__Animalia;p__Arthropoda;c__Insecta;o__Diptera;f__Culicidae;g__Aedes;s__	1.0
defce0de8bc8be774d3ca91939e97613	k__Animalia;p__Arthropoda;c__Insecta;o__Hymenoptera;f__Tenthredinidae;g__Strongylogaster;s__multicincta	1.0
99c316b22e72a34999f5eb114ae39fae	k__Animalia;p__Arthropoda;c__Insecta;o__Coleoptera;f__Staphylinidae;g__Eusphalerum;s__orientale	1.0
12a4ac38896287880b5c0ddd2ea05933	k__Animalia;p__Arthropoda;c__Insecta;o__Lepidoptera;f__Tortricidae;g__Anopina;s__ednana	1.0
0a48026626a7ce876b0978bd63a105ff	Unassigned	1.0
e20ddda9c4cb2d99f048a24d07cb76ac	Unassigned	1.0
b9384efba415718f49690fb7509a6678	k__Animalia;p__Arthropoda;c__Insecta;o__Diptera;f__Empididae;g__;s__	1.0
67a94176a31ba2fe53b8c31569f513af	Unassigned	1.0
2a7743e2f0bfbd077f613266fa80bd13	Unassigned	1.0
88fc7e39c4c1d043e43330b93ce4bd7b	k__Animalia;p__Arthropoda;c__Insecta;o__Hymenoptera;f__Formicidae;g__Myrmica;s__lobifrons	1.0
2452b6d56490419939ffaac1aea07d74	k__Animalia;p__Arthropoda;c__Arachnida;o__Araneae;f__;g__;s__	1.0
e4163f0321de0e6d5472f6eef06644b0	Unassigned	1.0
2bd6011d8e40363dbbc40fe0a2399558	Unassigned	1.0
64c5fa0124f027e1df6664ed004176aa	Unassigned	1.0
ae0fe96c06b77d3d2f1e338c46914ca9	Unassigned	1.0
f216d93a43e54c17946b59a3a657ad25	Unassigned	1.0
41fcf207ba069602242d3afb062a2f4c	k__Animalia;p__Arthropoda;c__Insecta;o__Lepidoptera;f__Noctuidae;g__Eupsilia;s__tristigmata	1.0
50e09cffa941b5b3d26d40a77afc6140	Unassigned	1.0
259cea9050f31623395b25fb4e567ff7	k__Animalia;p__Arthropoda;c__Insecta;o__Plecoptera;f__Leuctridae;g__Leuctra;s__duplicata	1.0
d63513bc20b8a26561c0eadb4f4255c4	k__Animalia;p__Arthropoda;c__Insecta;o__Lepidoptera;f__Noctuidae;g__Acronicta;s__oblinita	1.0
df9deb48b5d53af165dbbda8f45cb49a	k__Animalia;p__Arthropoda;c__Arachnida;o__Araneae;f__Thomisidae;g__Xysticus;s__emertoni	1.0
1c498ea7849e9ee8636874b05d207e4a	Unassigned	1.0
c0865cfb6ac4279e2f885eab57cc11c6	k__Animalia;p__Arthropoda;c__Insecta;o__Diptera;f__Phoridae;g__;s__	1.0
57f7dbf3891b259d5f1365c6ac8b075c	k__Animalia;p__Arthropoda;c__Insecta;o__Lepidoptera;f__Noctuidae;g__Cerastis;s__salicarum	1.0
3d2596a767bd953b071fa858f41db803	k__Animalia;p__Arthropoda;c__Insecta;o__Diptera;f__Limoniidae;g__;s__	1.0
498a13f5db66514de43a23644311bc06	Unassigned	1.0
8baf64bbab77f2a468fc211754d9b964	k__Animalia;p__Arthropoda;c__Arachnida;o__Araneae;f__Mimetidae;g__Ero;s__canionis	1.0
b0e81d466e3dd70e1f506a6f28961aa4	Unassigned	1.0
9201bf2d4fba65955ce1b07b15ff9ccd	k__Animalia;p__Arthropoda;c__Insecta;o__Lepidoptera;f__Geometridae;g__Eupithecia;s__annulata	1.0
fe8a2cfdcd1246ca8b9925e9c52d5b1c	Unassigned	1.0
8d353463a0883cb2d2b8bb06e3d70291	k__Animalia;p__Arthropoda;c__Insecta;o__Lepidoptera;f__Noctuidae;g__Phlogophora;s__iris	1.0
59d9c8d59f06b90b913c01576d14219a	Unassigned	1.0
fb46eccf654590e38463759efbd0c81e	k__Animalia;p__Arthropoda;c__Arachnida;o__Araneae;f__Philodromidae;g__Tibellus;s__maritimus	1.0
423840b13c5e81c6bd4dc6b5b2b2947a	k__Animalia;p__Arthropoda;c__Insecta;o__Trichoptera;f__Polycentropodidae;g__Plectrocnemia;s__weedi	1.0
bb3cc72dfb75a0cb1894016dcc1dd3ed	k__Animalia;p__Arthropoda;c__Insecta;o__Diptera;f__Chironomidae;g__Polypedilum;s__	1.0
ca66082288be23752a617677613fbf7c	k__Animalia;p__Arthropoda;c__Insecta;o__Coleoptera;f__Chrysomelidae;g__Pyrrhalta;s__viburni	1.0
3ba30a300792b102a66a5b06425edfaf	k__Animalia;p__Arthropoda;c__Arachnida;o__Opiliones;f__;g__;s__	1.0
a42705d9e385b1b7aff16bebf965bcdc	Unassigned	1.0
5d3e21a9f5e8349b2f3935f95053f150	k__Animalia;p__Arthropoda;c__Insecta;o__Lepidoptera;f__Tortricidae;g__Spilonota;s__laricana	1.0
f45d97cc83f7f3f99b8268368f951fc9	Unassigned	1.0
de71f4fed75a2fe17911d01dfd30f29a	Unassigned	1.0
85ca3fb2bdaf9a01416163da855d1502	k__Animalia;p__Arthropoda;c__Insecta;o__Diptera;f__Rhagionidae;g__Rhagio;s__mystaceus	1.0
8653fa46eefda0f8b8c0fa43df657dda	k__Animalia;p__Arthropoda;c__Insecta;o__Diptera;f__Ceratopogonidae;g__Bezzia;s__	1.0
49293e980c4adb4f4653a596ddf99687	k__Animalia;p__Arthropoda;c__Insecta;o__Coleoptera;f__Cantharidae;g__Podabrus;s__modestus	1.0
e8d515d8786d2e4afd4372fa7b62dde2	Unassigned	1.0
5b8d6d27c3026c698a6b32115ac2359b	k__Animalia;p__Arthropoda;c__Arachnida;o__Araneae;f__Thomisidae;g__Xysticus;s__elegans	1.0
0f1f03fa712c612f96df1b52f57e89a0	Unassigned	1.0
f4701cee1fb536242d73c9919569fcd9	k__Animalia;p__Arthropoda;c__Insecta;o__Diptera;f__;g__;s__	1.0
a5c74ea1fcd333ec18e8c3cc05a4a9c5	Unassigned	1.0
c2956269be6bef44dc269b401ac50ac9	Unassigned	1.0
65e8642b6d88b9adf0be004e22470dfd	k__Animalia;p__Arthropoda;c__Insecta;o__Diptera;f__Culicidae;g__;s__	1.0
9d8d7782a57d34fe3ff3e9d577a19531	k__Animalia;p__Arthropoda;c__Arachnida;o__Araneae;f__Thomisidae;g__Xysticus;s__emertoni	1.0
56ac6941da794e93fc09373c6f1a7ac6	k__Animalia;p__Arthropoda;c__Insecta;o__Lepidoptera;f__Geometridae;g__Protoboarmia;s__porcelaria	1.0
3a724d9974120ba076f3b71fcabb6d47	k__Animalia;p__Arthropoda;c__Arachnida;o__Araneae;f__Philodromidae;g__Ebo;s__iviei	1.0
7276eb6353e059fbd686733bbc7d33a2	k__Animalia;p__Arthropoda;c__Insecta;o__Coleoptera;f__Elateridae;g__Ampedus;s__mixtus	1.0
ecd714bb6e85c9aacf931bfcdc78b065	k__Animalia;p__Arthropoda;c__Insecta;o__Lepidoptera;f__Tortricidae;g__Olethreutes;s__	1.0
8329692ce93fb6174cc90ef3f499df58	k__Animalia;p__Arthropoda;c__Insecta;o__Lepidoptera;f__Noctuidae;g__Orthosia;s__revicta	1.0
90542a0c25fa499a2e0924ab72217b9e	k__Animalia;p__Arthropoda;c__Insecta;o__Coleoptera;f__Cerambycidae;g__Monochamus;s__	1.0
1d87e24c1dc057221b8f9ac8b0d0a935	k__Animalia;p__Arthropoda;c__Arachnida;o__Araneae;f__Salticidae;g__Tutelina;s__similis	1.0
b167ae94c3c4aeeaf1e07159078bdb21	Unassigned	1.0
a45226d4c6dbb1ad2128d17ca895c3f4	Unassigned	1.0
bd0f32c73d23cf112df3782c1a2af7a2	Unassigned	1.0
cbf3e68025e7c218b448c47e26d023d9	k__Animalia;p__Arthropoda;c__Insecta;o__Hemiptera;f__;g__;s__	1.0
79eecd37bf2c12aad0bb6a78a23e7c65	Unassigned	1.0
67e0caf08792ef465599d55c07bdaa43	k__Animalia;p__Arthropoda;c__Arachnida;o__Araneae;f__Philodromidae;g__Tibellus;s__maritimus	1.0
d4ae1facf3fe0124bf28721181a3a912	Unassigned	1.0
721bdf7c56300255285df8ce28f43201	k__Animalia;p__Arthropoda;c__Arachnida;o__Araneae;f__Tetragnathidae;g__Tetragnatha;s__shoshone	1.0
db40e906875952393bb9c46a6f968460	k__Animalia;p__Arthropoda;c__Arachnida;o__Araneae;f__Araneidae;g__Eustala;s__rosae	1.0
76544def2e0bb0cce5164aca8b2fea98	Unassigned	1.0
578c13795133b851f4bf7cf1416bcb63	k__Animalia;p__Arthropoda;c__Insecta;o__Hymenoptera;f__Ichneumonidae;g__Lissonota;s__	1.0
7f1624c349b0472d479735a986918a89	k__Animalia;p__Arthropoda;c__Insecta;o__Lepidoptera;f__Geometridae;g__Eulithis;s__explanata	1.0
a9b26208e6cc32703b51fb8f2a79fd02	Unassigned	1.0
202c22ef28f44bb77e8873aeb3c71e83	k__Animalia;p__Arthropoda;c__Insecta;o__Coleoptera;f__Scirtidae;g__Contacyphon;s__obscurus	1.0
acfd695110da7a108dfa2bae6053430b	Unassigned	1.0
5321bed6203ff3001855370bdef59bf1	k__Animalia;p__Arthropoda;c__Insecta;o__Diptera;f__Chironomidae;g__Chironomus;s__	1.0
ea8841b1b319a5e4833929ce7fd0b823	Unassigned	1.0
0434d6bf5cccc4faf9096e0a375d9ccb	k__Animalia;p__Arthropoda;c__Insecta;o__Hymenoptera;f__Ichneumonidae;g__Dusona;s__	1.0
56f1b9504773f51b561a4b20a85a24ac	Unassigned	1.0
9ef3f130f20d6915d149951d5181313a	k__Animalia;p__Arthropoda;c__Insecta;o__Hymenoptera;f__Braconidae;g__Microplitis;s__hyphantriae	1.0
52a0ab680eb955573e46773523d49479	k__Animalia;p__Arthropoda;c__Arachnida;o__Araneae;f__Lycosidae;g__Piratula;s__cantralli	1.0
3421a89fa1f0004be83d376c9d577cf3	Unassigned	1.0
0afd66820740ad84a3d166f43fbb0f96	k__Animalia;p__Arthropoda;c__Insecta;o__Hymenoptera;f__Tenthredinidae;g__Pristiphora;s__cincta	1.0
dac216013ca5910c344c729ced52d7ec	Unassigned	1.0
250d7c67d242eeb2092fd4e4f3265e18	Unassigned	1.0
849d2b5883616b8fdbd3573e541d6783	k__Animalia;p__Arthropoda;c__Arachnida;o__Araneae;f__Thomisidae;g__Tmarus;s__angulatus	1.0
9086cc5e34fab54704bdb379f483789b	k__Animalia;p__Arthropoda;c__Arachnida;o__Araneae;f__Clubionidae;g__Clubiona;s__canadensis	1.0
0c034cdada9c8a7cdabf1d455e40161a	k__Animalia;p__Arthropoda;c__Insecta;o__Diptera;f__Phoridae;g__Trucidophora;s__	1.0
4c5bd711307b21ae6ad1b557f0ac88f4	k__Animalia;p__Arthropoda;c__Insecta;o__Diptera;f__Tabanidae;g__Hybomitra;s__zonalis	1.0
e78d3dc1aca51da446c33c968a8e1d97	k__Animalia;p__Arthropoda;c__Insecta;o__Hemiptera;f__Aphididae;g__Pachypappa;s__rosettei	1.0
8d63ea4412b76cb64fc053d462beb930	k__Animalia;p__Arthropoda;c__Arachnida;o__Araneae;f__Philodromidae;g__Ebo;s__iviei	1.0
20f676632479e1ed562c793cde91f818	k__Animalia;p__Arthropoda;c__Insecta;o__Lepidoptera;f__Geometridae;g__Plagodis;s__alcoolaria	1.0
053dd8c96e72c5211e213ff3d37a2aff	Unassigned	1.0
a1cef43e32423b3756a383f27ffde989	k__Animalia;p__Arthropoda;c__Insecta;o__Diptera;f__Chironomidae;g__Polypedilum;s__	1.0
dfbf64c13b94483b3a7c796ae604a9c5	Unassigned	1.0
5b2312256768a5b129f57e5738f4fc73	k__Animalia;p__Arthropoda;c__Insecta;o__Hymenoptera;f__Ichneumonidae;g__;s__	1.0
41f70aaaf3b7ba23c524a70db47c36dc	k__Animalia;p__Arthropoda;c__Insecta;o__Coleoptera;f__Stenotrachelidae;g__Cephaloon;s__ungulare	1.0
d5c031b4d3eb5cdec50b1df5d42094f8	k__Animalia;p__Arthropoda;c__Insecta;o__Coleoptera;f__Elateridae;g__;s__	1.0
9c87e9b99b025affafd920b7453f8fa2	k__Animalia;p__Arthropoda;c__Insecta;o__Lepidoptera;f__Gelechiidae;g__Neotelphusa;s__praefixa	1.0
a89a8d2c90daaf9815822e6d6b69ed21	k__Animalia;p__Arthropoda;c__Arachnida;o__Araneae;f__Theridiidae;g__Theridion;s__differens	1.0
9bf2d6891010879dd3dd6ddac7def7d9	k__Animalia;p__Arthropoda;c__Arachnida;o__Araneae;f__Thomisidae;g__Xysticus;s__punctatus	1.0
5321d793c3aa40774244240f5e21e23d	k__Animalia;p__Arthropoda;c__Insecta;o__Diptera;f__Anthomyiidae;g__Lasiomma;s__cuneicorne	1.0
d7ebfdf0214f40f5312195a9a31ac138	Unassigned	1.0
5fdf3cc5c1e34090c263392fffbd9634	k__Animalia;p__Arthropoda;c__Arachnida;o__Araneae;f__Thomisidae;g__Xysticus;s__britcheri	1.0
acd113869cc857a179b7daf3374351db	k__Animalia;p__Arthropoda;c__Insecta;o__Hymenoptera;f__Tenthredinidae;g__Pristiphora;s__mollis	1.0
da999932315c56be38a95ae237f76b4c	Unassigned	1.0
c573e0f9ed4ea4f0841fd0adb1d1ffcb	k__Animalia;p__Arthropoda;c__Insecta;o__Coleoptera;f__Aderidae;g__Zonantes;s__fasciatus	1.0
078bd87b46396d7097b6f3496716fc65	Unassigned	1.0
5a45dd13446015d57bb05b00f10e946e	k__Animalia;p__Arthropoda;c__Insecta;o__Hymenoptera;f__;g__;s__	1.0
49ee58d97d16180718cfad1fc05e52f3	Unassigned	1.0
f439a024f1d336a85a3fb660b1274313	k__Animalia;p__Arthropoda;c__Insecta;o__Diptera;f__Tachinidae;g__Cyrtophloeba;s__coquilletti	1.0
f7427b26669e90825bcd78c26ceb8cc4	Unassigned	1.0
69a2b2f7f68191f941922cbf9c194154	k__Animalia;p__Arthropoda;c__Insecta;o__Lepidoptera;f__Geometridae;g__Ematurga;s__amitaria	1.0
a052850c060aba624bbecfcc58d71e60	k__Animalia;p__Arthropoda;c__Insecta;o__Coleoptera;f__Elateridae;g__Melanotus;s__	1.0
fed5f4cd8b8b04bd62d45d4e05f8cf06	Unassigned	1.0
f7f5895a9b058eff2b5f198b06331b83	Unassigned	1.0
220d145480f38017d37275e67f9099ad	k__Animalia;p__Arthropoda;c__Insecta;o__Hemiptera;f__Cicadellidae;g__Agallia;s__quadripunctata	1.0
9a30570f4eaa4c4d3d2eaee3656bc1f5	k__Animalia;p__Arthropoda;c__Insecta;o__Lepidoptera;f__Geometridae;g__Lomographa;s__glomeraria	1.0
183c325fa4d895adc2bf382285f10041	Unassigned	1.0
cd563f83aec3edcc1226a73daf649700	Unassigned	1.0
5be8cfc33f71a771883d48a5b4b9bac9	Unassigned	1.0
1772a9e122d83f43f5507109be94ffd3	Unassigned	1.0
7bd5c0d39560bce5a442a5e7f8e32971	k__Animalia;p__Arthropoda;c__Insecta;o__Diptera;f__Ceratopogonidae;g__Bezzia;s__	1.0
4d961159d9e2cb03e24d0e1a85828d77	k__Animalia;p__Arthropoda;c__Arachnida;o__Araneae;f__Philodromidae;g__Philodromus;s__rufus	1.0
837ee03f7ef727acbb6ab499983afbf3	Unassigned	1.0
710ffffa701a08d51f48140489bf9deb	Unassigned	1.0
2a26210c499afee280036387d13b2e1c	k__Animalia;p__Arthropoda;c__Insecta;o__Hemiptera;f__Aphididae;g__Mindarus;s__obliquus	1.0
cc88ce229891984abba6c465280ecd80	k__Animalia;p__Arthropoda;c__Insecta;o__Diptera;f__Xylophagidae;g__Xylophagus;s__	1.0
48e66f67ee65084530b7c5e2c0d26021	k__Animalia;p__Arthropoda;c__Insecta;o__Diptera;f__Muscidae;g__Spilogona;s__fatima	1.0
10ccefbb2605c7dae2ac59c4665c84b4	k__Animalia;p__Arthropoda;c__Arachnida;o__Araneae;f__Philodromidae;g__Philodromus;s__praelustris	1.0
b1decce3d85d2346b18bfe441d792d9e	k__Animalia;p__Arthropoda;c__Arachnida;o__Araneae;f__Clubionidae;g__Clubiona;s__trivialis	1.0
9b122f772c71b74f127f46eac864fe8a	Unassigned	1.0
18b02cd600f86613c3804f6bde581e99	Unassigned	1.0
7179a838c3f845b3c45f29b1badcdb62	k__Animalia;p__Arthropoda;c__Arachnida;o__Araneae;f__Lycosidae;g__Piratula;s__insularis	1.0
241393b3c8206e6359a0c9db3f5fa675	Unassigned	1.0
606d1bee674f0a6ed65a96d57bce2df7	k__Animalia;p__Arthropoda;c__Insecta;o__Diptera;f__Limoniidae;g__Euphylidorea;s__platyphallus	1.0
997e4384e45ab09a95cf22f8e66d14ad	Unassigned	1.0
97069842171cbfcfbfad602f6652d6a8	k__Animalia;p__Arthropoda;c__Arachnida;o__Araneae;f__Tetragnathidae;g__Tetragnatha;s__shoshone	1.0
6134d21d0c3f6251d862364b75f60d42	k__Animalia;p__Arthropoda;c__Insecta;o__Diptera;f__Tabanidae;g__Chrysops;s__	1.0
8e91220636a5b4889e9e83538ade7e27	k__Animalia;p__Arthropoda;c__Arachnida;o__Araneae;f__Dictynidae;g__Emblyna;s__phylax	1.0
f23d3a225395751bc3d55a3b16b873ae	k__Animalia;p__Arthropoda;c__Insecta;o__Diptera;f__Limoniidae;g__;s__	1.0
4a46f410513b79ebd30ed0f36a9ff644	Unassigned	1.0
83fd0d2c2e705b6eb05767a79494d3ff	Unassigned	1.0
71160c65bda30d2123f59cb99722fe01	k__Animalia;p__Arthropoda;c__Insecta;o__Hemiptera;f__Aphididae;g__Illinoia;s__	1.0
2e974a7e432532b56fad5aa51fe5b3a2	Unassigned	1.0
fc980fbb519b67e9132f404e8578c752	Unassigned	1.0
5f8ee573c4493cf89a4b6e2ddfe90820	k__Animalia;p__Arthropoda;c__Insecta;o__Lepidoptera;f__Tortricidae;g__Choristoneura;s__rosaceana	1.0
28919883f362dffbe6df6e1cdfa12aff	k__Animalia;p__Arthropoda;c__Insecta;o__Diptera;f__Keroplatidae;g__Macrocera;s__stigma	1.0
e2905a742c6a426fc9a80efa73a37f27	k__Animalia;p__Arthropoda;c__Insecta;o__Lepidoptera;f__Noctuidae;g__Nephelodes;s__minians	1.0
69012dd7da09fff258815ab778290f1e	Unassigned	1.0
e613a1addefd08a6a5abadb71f2b28e7	k__Animalia;p__Arthropoda;c__Arachnida;o__Araneae;f__Philodromidae;g__Philodromus;s__imbecillus	1.0
ce036016c3fd016b9f26f8f390384dee	k__Animalia;p__Arthropoda;c__Insecta;o__Diptera;f__Ceratopogonidae;g__Dasyhelea;s__	1.0
2c0ae5682880f1db2887b107b64a0df7	Unassigned	1.0
92a4d068f74ce2f4efa8294aa7ff9657	k__Animalia;p__Arthropoda;c__Insecta;o__Lepidoptera;f__Erebidae;g__Macrochilo;s__absorptalis	1.0
c69967ba53369ba53526a036afcf783e	Unassigned	1.0
034d6caaef6fe543ba8b55c16327d790	k__Animalia;p__Arthropoda;c__Arachnida;o__Araneae;f__Araneidae;g__Neoscona;s__arabesca	1.0
6fa6e662719e8623d4c11a8c9ca3bd1c	k__Animalia;p__Arthropoda;c__Arachnida;o__Araneae;f__Araneidae;g__Hypsosinga;s__rubens	1.0
b7075914a0209ed1758bfd0699b977b7	k__Animalia;p__Arthropoda;c__Insecta;o__Lepidoptera;f__Gelechiidae;g__Coleotechnites;s__	1.0
134cca371ccf91411d4b4d3b7b22c3f2	k__Animalia;p__Arthropoda;c__Insecta;o__Lepidoptera;f__Tortricidae;g__Evora;s__hemidesma	1.0
a0e00562204e3588994f8d6db108200e	Unassigned	1.0
5256f2a3e7b7384eb1d93e9e4231a755	k__Animalia;p__Arthropoda;c__Insecta;o__Diptera;f__Syrphidae;g__Parasyrphus;s__	1.0
4c58f2abfbc99db0ab9f7ebc4bb3f4f9	k__Animalia;p__Arthropoda;c__Insecta;o__Hymenoptera;f__;g__;s__	1.0
9e107671cd1f9d2d22eb1fb210ee4c50	k__Animalia;p__Arthropoda;c__Arachnida;o__Araneae;f__Phrurolithidae;g__Phrurotimpus;s__borealis	1.0
35640bdb466dc50094bdfd7ad9b73d35	k__Animalia;p__Arthropoda;c__Insecta;o__Hymenoptera;f__Braconidae;g__Cotesia;s__xylina	1.0
9c01aa2a0de0c8e2e443cf7bc67761dd	k__Animalia;p__Arthropoda;c__Arachnida;o__Araneae;f__Philodromidae;g__Tibellus;s__maritimus	1.0
9cc8de033e1e9ae2d107c29e315c374d	k__Animalia;p__Arthropoda;c__Insecta;o__Diptera;f__Culicidae;g__Coquillettidia;s__perturbans	1.0
15b2bcc6f07ada4740d9c7aa3f59d9cd	Unassigned	1.0
fbbc85270ecb7d8763d9011cac105ee6	k__Animalia;p__Arthropoda;c__Arachnida;o__Araneae;f__Clubionidae;g__Clubiona;s__abboti	1.0
192ece5d689f6162112bf92e0b13fff8	Unassigned	1.0
67473143a1f4aa1464575d3f0031c5dc	Unassigned	1.0
70bacedb7289bab3d36c35d6a98af471	k__Animalia;p__Arthropoda;c__Insecta;o__Hemiptera;f__Tingidae;g__Acalypta;s__elegans	1.0
e10d46646b470533217fb21c6ab8e211	k__Animalia;p__Arthropoda;c__Insecta;o__Lepidoptera;f__Erebidae;g__Hypenodes;s__	1.0
8eba900091428a349a1fa21ebdedf6a9	Unassigned	1.0
173efde69421204fff40eb3d2b6e3c63	Unassigned	1.0
254db896b5811d1c03063d1dbb782e49	Unassigned	1.0
a26b583ec8a8a9430f3d547feb227e23	k__Animalia;p__Arthropoda;c__Arachnida;o__Araneae;f__Linyphiidae;g__Microlinyphia;s__mandibulata	1.0
33864318be5e8eafd789d211baf10a4f	k__Animalia;p__Arthropoda;c__Arachnida;o__Sarcoptiformes;f__Galumnidae;g__;s__	1.0
246571204f238ff85ab9f51e5122c6b6	Unassigned	1.0
de0969dcf911519f8c72685c04f6b0e0	k__Animalia;p__Arthropoda;c__Arachnida;o__Araneae;f__Linyphiidae;g__Frontinella;s__pyramitela	1.0
7ae17b65e083fa280ba3e674d8a48365	Unassigned	1.0
50e49a638a19499628f9f317fe267d51	k__Animalia;p__Arthropoda;c__Insecta;o__Diptera;f__Limoniidae;g__;s__	1.0
da629a9721d59dc6ce24e2e3ff026f38	Unassigned	1.0
6119f96049eec9eead696ea936b7e29c	k__Animalia;p__Arthropoda;c__Insecta;o__Diptera;f__Chironomidae;g__;s__	1.0
620cd071f51bddc532d63f47a1f23b66	k__Animalia;p__Arthropoda;c__Insecta;o__Diptera;f__Chaoboridae;g__Chaoborus;s__flavicans	1.0
0be7e3a7f27cb25e0ab2c7092ab13668	Unassigned	1.0
52db9c3372d2be4c5f2bfaf34099fa38	Unassigned	1.0
d9153eee8b4972105782d6a6a027ed67	k__Animalia;p__Arthropoda;c__Insecta;o__Diptera;f__Chironomidae;g__Micropsectra;s__	1.0
34fdf3a3e834c666d3fc25b93152e640	k__Animalia;p__Arthropoda;c__Arachnida;o__Araneae;f__Araneidae;g__Eustala;s__emertoni	1.0
7f1e5b16d380ea6af8788197bf271543	k__Animalia;p__Arthropoda;c__Arachnida;o__Araneae;f__Philodromidae;g__Philodromus;s__peninsulanus	1.0
f61e4922133d87744100b93f9f8f3117	k__Animalia;p__Arthropoda;c__Insecta;o__Odonata;f__Corduliidae;g__Epitheca;s__spinigera	1.0
fddf856a2be338a72f592f12d97104da	k__Animalia;p__Arthropoda;c__Arachnida;o__Araneae;f__Agelenidae;g__Wadotes;s__calcaratus	1.0
dde8d852bacb660640ce654e4f31fd27	Unassigned	1.0
0b66950321cd383fa3dafc094522cc50	Unassigned	1.0
2c9b53925e31925904e8d15fd3ca40b4	Unassigned	1.0
57b94f9f0842bf56e2ae05c5a1523742	Unassigned	1.0
438ef25569896213d2fd34928eb27636	k__Animalia;p__Arthropoda;c__Insecta;o__Hymenoptera;f__Tenthredinidae;g__Pristiphora;s__cincta	1.0
6c184dc23324144a1399a53bf7932fb1	k__Animalia;p__Arthropoda;c__Insecta;o__Odonata;f__;g__;s__	1.0
51dd4f0ccae02f42048dbb6cc492b6f5	k__Animalia;p__Arthropoda;c__Insecta;o__Diptera;f__Limoniidae;g__Erioptera;s__	1.0
4cfcf67c2cc6642cd80f24c4d0eef2af	Unassigned	1.0
3d93798d2fc13a7c955c0c6feb11165e	Unassigned	1.0
6f43fcb4cb5a98d5b1df7d36d37580db	Unassigned	1.0
0d658faae169779079bfa354172aba5c	k__Animalia;p__Arthropoda;c__Arachnida;o__Araneae;f__Lycosidae;g__Trochosa;s__terricola	1.0
131472429514ae787208c03d189b8212	Unassigned	1.0
a08c194d9b39af8b024d8b21959a1a7f	k__Animalia;p__Arthropoda;c__Insecta;o__Hemiptera;f__Aphididae;g__Mindarus;s__obliquus	1.0
3dbc2d4c0a9b06d5d5e1404f7908427c	k__Animalia;p__Arthropoda;c__Insecta;o__Hemiptera;f__Clastopteridae;g__Clastoptera;s__	1.0
74360042c1dacbb309c940455358099f	Unassigned	1.0
eeb1d09f8ae100a6ee812d94dd12a1c3	Unassigned	1.0
16b7309581484beb3f7e7b7ad0ec7e27	Unassigned	1.0
64a0284381bc45f57353a16c14df6ccf	Unassigned	1.0
26bb6e553a7ee4897ce5beefbc3cffa7	Unassigned	1.0
bced63c1773bef719ebf93788ae84103	k__Animalia;p__Arthropoda;c__Insecta;o__Hemiptera;f__Aphididae;g__Mindarus;s__	1.0
64ac362b71556158159cada5eca14c56	Unassigned	1.0
3f2ca29402a89ff8d0a30f139c964e49	Unassigned	1.0
5df01dd55c0bafd4a5ae738abe3f0bc5	k__Animalia;p__Arthropoda;c__Insecta;o__Hemiptera;f__Cicadellidae;g__Agallia;s__quadripunctata	1.0
182a2c9306ca10e016a4be38092296ba	Unassigned	1.0
25cb1755d46417df877f08703caf4b7a	Unassigned	1.0
71a555c4b8c9332d8905b1b3973a582e	Unassigned	1.0
fe156f9f8b8b24ec3102d58cf188743f	Unassigned	1.0
a644f6869b849484935b05e5d8c5d508	k__Animalia;p__Arthropoda;c__Insecta;o__Hymenoptera;f__Tenthredinidae;g__Euura;s__vaga	1.0
bafc0dd6e7511debfdd968a5d49f6207	Unassigned	1.0
123ce59c9ebf63312708238daacec21f	Unassigned	1.0
29cf117ff6128a3b00f4c6de659dcece	Unassigned	1.0
c28408c51748da1faf431d360573e551	Unassigned	1.0
0029cef64e55ef6d1052bdbd2be0f045	Unassigned	1.0
c38ecbedcb5d6a885b9f1007249efb5d	Unassigned	1.0
e58a26693e1ecb95a23f85acb142febf	Unassigned	1.0
15598ea0bf06bd78446a1abf1a0f5a60	Unassigned	1.0
05a088ef3431f9058b2247785bf3ca9c	Unassigned	1.0
56f936e4257858034a3fe14de035c5d5	Unassigned	1.0
4e2b9a6575f4f39fec0cf1127ad5cf71	Unassigned	1.0
d5fc03e85e5937ec4d33a7fd5cf66bb5	Unassigned	1.0
76f3143711fed7f8fcce6f4b49af7d66	Unassigned	1.0
f9caa15f149fee809d843f84c7a16cf4	Unassigned	1.0
6fe8a92a6fdf3d36aa9ebea838d17e07	Unassigned	1.0
f6aec2173661014c71e56e0e280e7b2d	Unassigned	1.0
540e95e4330f764cc7ab51e26a8332ac	Unassigned	1.0
603f46e3775793603afcba6221ca440e	Unassigned	1.0
bfe80d15c04cddf0120d628b1846974d	Unassigned	1.0
