Feature ID	Taxon	Confidence
6c344da36e78e86a174865a6365a5fdf	k__Animalia;p__Arthropoda;c__Insecta;o__Plecoptera;f__Leuctridae;g__Leuctra;s__NS-1	0.8607550952761968
af977a716eaa4d5c264eb20ef43fbd22	k__Animalia;p__Arthropoda	0.9999999999999718
557abd9fa6bdb014d48c44d61086bae9	k__Animalia;p__Arthropoda;c__Insecta;o__Megaloptera;f__Corydalidae;g__Chauliodes;s__pectinicornis	0.9993227676729413
567d83beaba3b95fc00a6057648e22b0	k__Animalia;p__Arthropoda	0.9999999999999859
8f56865ddeea404093c0ede08bc8c474	k__Animalia;p__Arthropoda;c__Insecta;o__Plecoptera;f__Leuctridae;g__Leuctra;s__maria	0.9997873228031263
b1782312678918577fe2814a174916fa	k__Animalia;p__Arthropoda;c__Insecta;o__Diptera	0.8557487374941557
f3485e2748cefa869b22f7eaec6164c3	k__Animalia;p__Arthropoda;c__Insecta;o__Diptera;f__Limoniidae;g__Pseudolimnophila;s__inornata	0.9863559529912338
da98d54995b1009db14265c6ddee98b7	k__Animalia;p__Arthropoda	0.9999999999999908
734225fec9b32a7ca60437beade8405b	k__Animalia;p__Arthropoda;c__Insecta;o__Lepidoptera	0.9996304873944669
ac5c0ac75d873899507949767f2372be	k__Animalia;p__Arthropoda;c__Insecta;o__Lepidoptera;f__Pterophoridae;g__Geina;s__tenuidactylus	0.9993588937908544
88c15ce613d9de11bbbf316673fd11c4	k__Animalia;p__Arthropoda;c__Insecta;o__Plecoptera;f__Leuctridae;g__Leuctra;s__NS-1	0.8010098916284984
c1910d77053b2b8ac26bd84448b72dac	k__Animalia;p__Arthropoda;c__Insecta;o__Lepidoptera;f__Pterophoridae;g__Geina;s__tenuidactylus	0.9944142753558463
c900398ad256af86b1372057eaf5379a	k__Animalia;p__Arthropoda;c__Insecta;o__Plecoptera;f__Leuctridae;g__Leuctra;s__maria	0.9999852664464983
8593640fc5ef4bd03af0424be4ec2250	k__Animalia;p__Arthropoda	0.9999999999999937
7d39ace2164315a768cf17f2f1e8ce1e	k__Animalia;p__Arthropoda;c__Insecta	0.8139841633966032
860f8cffa512b5772b8ade14477e7b86	k__Animalia;p__Arthropoda	0.9999999999999797
8d8ea1a6ca5852c710ea859534e1551f	k__Animalia;p__Arthropoda;c__Insecta;o__Plecoptera	0.7096887809464769
a3504cca905eb377d9c050f0d1b2d376	k__Animalia;p__Arthropoda	0.9999999999999865
ff5a6e034b94fb6ea54bed87aab513e4	k__Animalia;p__Arthropoda;c__Insecta;o__Diptera;f__Limoniidae;g__Pseudolimnophila;s__inornata	0.9541195981033936
5284198c3926d287f8808c764fa203a0	k__Animalia;p__Arthropoda;c__Insecta;o__Plecoptera;f__Leuctridae	0.7035511872930957
96c67bed6788ebd70318e6335e1a1cd9	k__Animalia;p__Arthropoda;c__Insecta	0.8503657134502833
6d8792260b8121f6f78596ff3fb8fa15	k__Animalia;p__Arthropoda;c__Insecta	0.8128051588231072
ff066c4fa61d7c1ebfd55a2c9e6c6472	k__Animalia;p__Arthropoda;c__Insecta;o__Plecoptera;f__Leuctridae;g__Leuctra;s__maria	0.9990637775343898
f1b9ce2e899bca1319b4ab21b1253a55	k__Animalia;p__Arthropoda;c__Insecta;o__Diptera;f__Empididae;g__;s__	0.9222293733896144
e706c91fb9215a5d698886b93bbbf828	k__Animalia;p__Arthropoda;c__Insecta;o__Plecoptera;f__Leuctridae;g__Leuctra;s__maria	0.9923702725998276
19880086e76401a3ecb3e415f322e2e4	k__Animalia;p__Arthropoda;c__Insecta;o__Plecoptera;f__Leuctridae;g__Leuctra;s__maria	0.9919866212601623
5252513838b43ab01ed9e4fb6130ace9	k__Animalia;p__Arthropoda;c__Insecta	0.8732888252925353
4dabfd10c900be4902669a63e972a44a	k__Animalia;p__Arthropoda;c__Insecta;o__Lepidoptera;f__Noctuidae;g__Sutyna;s__privata	0.9985023829816781
56a623780549b3236bb0316e7190b789	k__Animalia;p__Arthropoda;c__Insecta;o__Hymenoptera;f__Braconidae;g__Microplitis	0.9941147164413578
ece80043110e94b08fb4314ffa2d30ad	k__Animalia;p__Arthropoda;c__Arachnida;o__Araneae;f__Philodromidae;g__Tibellus	0.9999927747723882
1316efce2b13dc7f6909181c6e21a106	k__Animalia;p__Arthropoda	0.9999999999999803
95aa0acd66f10898f9e362e619c4ae5d	k__Animalia;p__Arthropoda;c__Insecta;o__Diptera	0.9247706354586037
5fd647138f4493fb1e45a0b88cd0788e	k__Animalia;p__Arthropoda;c__Insecta;o__Lepidoptera;f__Noctuidae;g__Sutyna;s__privata	0.9999636841491184
efc9037c1d78af744d04f9bc1c6d2c84	k__Animalia;p__Arthropoda;c__Insecta;o__Plecoptera;f__Leuctridae;g__Leuctra;s__maria	0.9999927104515453
2c638ab611b19b49ec2ffac49e0b237c	k__Animalia;p__Arthropoda;c__Insecta;o__Hymenoptera;f__Braconidae;g__Microplitis	0.99690421927825
4195c87b9e5efbad9530ce49c9ced2c0	k__Animalia;p__Arthropoda;c__Insecta;o__Plecoptera;f__Leuctridae;g__Leuctra;s__maria	0.9989053720746061
0486df68a2e86d97d66a2f834250d3ed	k__Animalia;p__Arthropoda;c__Insecta;o__Hemiptera;f__Delphacidae;g__Criomorphus;s__conspicuus	0.9999998801402016
9ab6f3090ccf4fefde11c0d3fea43376	k__Animalia;p__Arthropoda;c__Insecta;o__Plecoptera;f__Leuctridae;g__Leuctra;s__maria	0.9682620966437021
317b0cde3a13374822ffef922b6407e5	k__Animalia;p__Arthropoda;c__Insecta;o__Megaloptera;f__Corydalidae;g__Chauliodes;s__pectinicornis	0.9991155296629959
b5a37159f71b15dd3d2310314bed57fc	k__Animalia;p__Arthropoda;c__Insecta;o__Plecoptera;f__Leuctridae;g__Leuctra;s__maria	0.9999934214257238
908c265cf1b3e57c95d40e55d0fccde0	k__Animalia;p__Arthropoda;c__Insecta;o__Plecoptera;f__Leuctridae;g__Leuctra;s__maria	0.9961445815108773
46749ebf3521483086b9f49c2eef051d	k__Animalia;p__Arthropoda;c__Arachnida;o__Araneae;f__Thomisidae;g__Xysticus;s__britcheri	0.9998109641623373
5d3e7945a75e239e963ed35f9e47acb3	k__Animalia;p__Arthropoda;c__Insecta;o__Coleoptera;f__Elateridae;g__Ampedus;s__mixtus	0.9855138741379743
a67dee232a8d7c63a2d882e7ccc23bd2	k__Animalia;p__Arthropoda;c__Insecta;o__Diptera;f__Tipulidae;g__Tipula;s__tephrocephala	0.99711937696191
02178309f68c93e46f74378c824b9c50	k__Animalia;p__Arthropoda;c__Insecta	0.7187484886850767
e948b363bc5618f8e3a996c1490ed430	k__Animalia;p__Arthropoda;c__Insecta;o__Diptera	0.9242732062856915
04c180502f4f188cb784ba93862f1587	k__Animalia;p__Arthropoda;c__Arachnida;o__Araneae;f__Theridiidae;g__Euryopis;s__funebris	0.9999877363187678
cf910fa2d3b53caa193fece275d5de12	k__Animalia;p__Arthropoda;c__Insecta;o__Diptera	0.9319283897206139
65401f8ae9beda004f59e7482427f921	k__Animalia;p__Arthropoda;c__Insecta;o__Hymenoptera;f__Ichneumonidae	0.9718378148642441
ca5a569a380336784a82bbaefa4cfd91	k__Animalia;p__Arthropoda;c__Insecta;o__Megaloptera;f__Corydalidae;g__Chauliodes;s__pectinicornis	0.996683961005797
44b75d41eec4aff8b5171e1d1a8f92d1	k__Animalia;p__Arthropoda;c__Insecta;o__Diptera;f__Chironomidae	0.8756984289820454
0bff7f14f1ac73012371c3fdb35ed979	k__Animalia;p__Arthropoda;c__Insecta;o__Diptera	0.9320803611043845
92459f0c70e25918b1be4f7c5ea5db71	k__Animalia;p__Arthropoda;c__Insecta;o__Hymenoptera;f__Ichneumonidae	0.9232115386976976
c0d798f78ebee8d1a343c12aa3a26bfe	k__Animalia;p__Arthropoda	0.9999999999999752
db4727b50459c01a1596cc5cb8ab6f6d	k__Animalia;p__Arthropoda	0.9999999999999797
a9a5f84467926548dd17cccdefa9cb97	k__Animalia;p__Arthropoda;c__Insecta;o__Diptera;f__Limoniidae;g__Pseudolimnophila;s__inornata	0.9289476954405137
5fe25dd59054ddbd052a15bf5bb680ef	k__Animalia;p__Arthropoda;c__Insecta;o__Hemiptera;f__Delphacidae;g__Criomorphus;s__conspicuus	0.9999999432111525
85ce88d3c0207a45c22bf1b23e45df35	k__Animalia;p__Arthropoda;c__Insecta;o__Diptera;f__Chironomidae	0.9111545944668209
d09219664048635b4f42e04f6b6f0707	k__Animalia;p__Arthropoda;c__Insecta;o__Megaloptera;f__Corydalidae;g__Chauliodes;s__pectinicornis	0.9997026891396116
625a3aed1e9eea46edab13ed140e85b0	k__Animalia;p__Arthropoda	0.9999999999999819
5162580dfb274c31109adb30f80d5563	k__Animalia;p__Arthropoda	0.999999999999974
7eda2073a66894165c184613221ef391	k__Animalia;p__Arthropoda;c__Insecta;o__Hemiptera;f__Delphacidae;g__Criomorphus;s__conspicuus	0.9999993326279462
d4bb8fa77c2a70c2bff1dc4dff4060fb	k__Animalia;p__Arthropoda;c__Insecta;o__Megaloptera;f__Corydalidae;g__Chauliodes;s__pectinicornis	0.9994645428048008
84c5cbff00bd2485aaa1e0b2a2ecd1a1	k__Animalia;p__Arthropoda;c__Arachnida	0.8180973625317823
3f74cbe78cbe99572c7f09aa523f710c	k__Animalia;p__Arthropoda;c__Insecta	0.7909308840512167
fa42aa28cf0318ce1bfa7c24396140f4	k__Animalia;p__Arthropoda;c__Insecta;o__Diptera	0.965853082252866
aaf7e30fb0693a5226a094151587c37d	k__Animalia;p__Arthropoda;c__Arachnida	0.7718246671323429
333cb15830ba2bc563ea2d8c53ee250b	k__Animalia;p__Arthropoda	0.9999999999999757
0f317d7b2abd7471f6439babea542903	k__Animalia;p__Arthropoda;c__Insecta	0.9094910124002334
72d776eab59b00dae9fcf8a72e8db513	k__Animalia;p__Arthropoda;c__Insecta;o__Diptera;f__Tipulidae;g__Tipula;s__jacobus	0.9902294712246716
55c0d082efe967c9240dd86ecc303b16	k__Animalia;p__Arthropoda;c__Arachnida	0.7156548846417939
c5a028ea2d8f6067675dfe3ed9aa5903	k__Animalia;p__Arthropoda	0.9999999999999939
a965feb8638140a4657de8fb6cd0dcd6	k__Animalia;p__Arthropoda	1.0000000000000036
0d5987c8c38271ec8e45b0459fb36174	k__Animalia;p__Arthropoda;c__Insecta;o__Diptera	0.742750914962936
52ed46ba6b0164c54b5823cfd6fbf628	k__Animalia;p__Arthropoda;c__Insecta;o__Megaloptera;f__Corydalidae;g__Chauliodes;s__pectinicornis	0.9997522423002464
6be692e5d1e813cbed4f5c50fd07ad19	k__Animalia;p__Arthropoda;c__Insecta;o__Diptera;f__Empididae	0.9037217346055663
7f88798b76e61885bc2596d806ef5b9f	k__Animalia;p__Arthropoda;c__Arachnida;o__Araneae;f__Philodromidae;g__Tibellus;s__oblongus	0.7929889058160144
74658a5c351f910264ccd972fad23752	k__Animalia;p__Arthropoda	0.9999999999999672
65a18ce8733e614badd15b106b77af51	k__Animalia;p__Arthropoda;c__Insecta;o__Diptera;f__Tipulidae;g__Tipula	0.8410388673188016
3742f8da83a107a6705d1335a12b8c7b	k__Animalia;p__Arthropoda;c__Insecta;o__Diptera;f__Acroceridae;g__;s__	0.9602198126857433
0a48026626a7ce876b0978bd63a105ff	k__Animalia;p__Arthropoda;c__Insecta;o__Diptera;f__Hybotidae;g__Syneches;s__	0.9091045717921173
9a4b77f93afaa69409d2a97dcb6f2c50	k__Animalia;p__Arthropoda;c__Insecta;o__Diptera;f__Chironomidae	0.7597413888842123
913ff2e3ed95e40b08ed876f6923c87d	k__Animalia;p__Arthropoda;c__Arachnida	0.7779682926876428
419acf063e0c7cfaf859a20efab52319	k__Animalia;p__Arthropoda;c__Insecta;o__Diptera;f__Empididae	0.9669529557043255
e6ccb3c731a12908775b5973609675a1	k__Animalia;p__Arthropoda;c__Insecta;o__Diptera;f__Cecidomyiidae;g__;s__	0.8500508931669442
9efb2df30f260798b0574161b1369d1a	k__Animalia;p__Arthropoda;c__Insecta;o__Diptera	0.8452301114844069
1be60ceceeae38358eb4fc1792ac862e	k__Animalia;p__Arthropoda;c__Arachnida;o__Araneae;f__Philodromidae;g__Ebo;s__iviei	0.999754629450745
793b55dc2017ce23758b797a5453525f	k__Animalia;p__Arthropoda	0.9999999999999863
f18581ebf9b7e40c3ca714e7cface1e0	k__Animalia;p__Arthropoda	0.9999999999999906
a670b5651dd943c1dab5db1693b450b5	k__Animalia;p__Arthropoda;c__Insecta;o__Diptera	0.9243377828839214
a394e0285c3513777f9a0178c92c1ef4	k__Animalia;p__Arthropoda;c__Insecta	0.7955206849953089
7954d4b62b43051d0f25ca1df21f7480	k__Animalia;p__Arthropoda;c__Insecta;o__Diptera;f__Tipulidae;g__Tipula;s__	0.7441813637654432
9e18c69bf8594e1c4087ef76eb7b8174	k__Animalia;p__Arthropoda	0.9999999999999832
aefc2822ec63c8ce4ac7b8f03028a304	k__Animalia;p__Arthropoda;c__Arachnida	0.8400394376305301
57d25d2db69c3589b85118f26c443ece	k__Animalia;p__Arthropoda;c__Arachnida;o__Araneae;f__Philodromidae;g__Tibellus;s__oblongus	0.836574777180053
e20ddda9c4cb2d99f048a24d07cb76ac	k__Animalia;p__Arthropoda;c__Insecta;o__Plecoptera;f__Leuctridae;g__Leuctra;s__maria	0.9961818328441049
a42705d9e385b1b7aff16bebf965bcdc	k__Animalia;p__Arthropoda;c__Insecta	0.8638212102300498
da04d92ed138c53c393bad936f9457b4	k__Animalia;p__Arthropoda	0.9999999999999865
37c62c981dded76db63176a64e452569	k__Animalia;p__Arthropoda	0.999999999999987
e6d9e5b69c0de712072a319178d64c2d	k__Animalia;p__Arthropoda	0.9999999999999749
0736ff7d68d026177d2b07471547ca6e	k__Animalia;p__Arthropoda;c__Arachnida;o__Araneae;f__Gnaphosidae;g__Gnaphosa;s__parvula	0.999633685687934
998b94b967eacc6f6d88916164259571	k__Animalia;p__Arthropoda	0.999999999999979
e54b71fcd7e58257ddce94bf0b5bfa90	k__Animalia;p__Arthropoda;c__Arachnida;o__Araneae;f__Dictynidae;g__Emblyna;s__phylax	0.9999997452987981
67a94176a31ba2fe53b8c31569f513af	k__Animalia;p__Arthropoda;c__Insecta;o__Diptera	0.9264427728607161
1add8759b550aec0bfa78c8f93e6b314	k__Animalia;p__Arthropoda	0.9999999999999889
e4163f0321de0e6d5472f6eef06644b0	k__Animalia;p__Arthropoda;c__Insecta;o__Diptera	0.8548651094661063
79f2d4dc581aa7d1dc20a151f9a4e872	k__Animalia;p__Arthropoda;c__Insecta;o__Hemiptera;f__Delphacidae;g__Criomorphus;s__conspicuus	0.9999998617727168
3a49ddfaaa781eba09fe442e45e2686e	k__Animalia;p__Arthropoda	0.9999999999999746
f216d93a43e54c17946b59a3a657ad25	k__Animalia;p__Arthropoda	0.9999999999999963
59d9c8d59f06b90b913c01576d14219a	k__Animalia;p__Arthropoda;c__Insecta;o__Coleoptera;f__Mycetophagidae;g__Litargus;s__tetraspilotus	0.9617089081068747
fe8a2cfdcd1246ca8b9925e9c52d5b1c	k__Animalia;p__Arthropoda;c__Arachnida;o__Araneae;f__Philodromidae;g__Philodromus;s__vulgaris	0.8734763437009877
64c5fa0124f027e1df6664ed004176aa	k__Animalia;p__Arthropoda;c__Arachnida;o__Araneae;f__Lycosidae;g__Trebacosa;s__marxi	0.9999957920264395
a45226d4c6dbb1ad2128d17ca895c3f4	k__Animalia;p__Arthropoda;c__Insecta;o__Plecoptera;f__Leuctridae;g__Leuctra;s__maria	0.9302732143540471
d4ae1facf3fe0124bf28721181a3a912	k__Animalia;p__Arthropoda;c__Insecta;o__Plecoptera;f__Leuctridae;g__Leuctra;s__maria	0.9824011172018821
1c498ea7849e9ee8636874b05d207e4a	k__Animalia;p__Arthropoda	0.9999999999999797
9a39c012ea3044b8c9169b79a935ae33	k__Animalia;p__Arthropoda	0.9999999999999819
2a7743e2f0bfbd077f613266fa80bd13	k__Animalia;p__Arthropoda;c__Insecta;o__Hemiptera;f__Cicadellidae;g__Stroggylocephalus;s__placidus	0.9998266296904776
0f1f03fa712c612f96df1b52f57e89a0	k__Animalia;p__Arthropoda	0.9999999999999857
a9b26208e6cc32703b51fb8f2a79fd02	k__Animalia;p__Arthropoda;c__Insecta;o__Plecoptera;f__Leuctridae;g__Leuctra;s__maria	0.9980728980005098
f45d97cc83f7f3f99b8268368f951fc9	k__Animalia;p__Arthropoda	0.9999999999999744
bd0f32c73d23cf112df3782c1a2af7a2	k__Animalia;p__Arthropoda;c__Insecta	0.898877526861744
2bd6011d8e40363dbbc40fe0a2399558	k__Animalia;p__Arthropoda	0.9999999999999738
c2956269be6bef44dc269b401ac50ac9	k__Animalia;p__Arthropoda	0.999999999999986
de71f4fed75a2fe17911d01dfd30f29a	k__Animalia;p__Arthropoda;c__Arachnida;o__Araneae;f__Thomisidae;g__Ozyptila;s__distans	0.7269096857833631
56f1b9504773f51b561a4b20a85a24ac	k__Animalia;p__Arthropoda;c__Insecta;o__Lepidoptera;f__Erebidae;g__Phalaenostola;s__metonalis	0.9409015324552005
ae0fe96c06b77d3d2f1e338c46914ca9	k__Animalia;p__Arthropoda	0.9999999999999897
49ee58d97d16180718cfad1fc05e52f3	k__Animalia;p__Arthropoda;c__Insecta;o__Coleoptera;f__Cantharidae;g__Rhagonycha	0.98490896993966
250d7c67d242eeb2092fd4e4f3265e18	k__Animalia;p__Arthropoda;c__Insecta	0.7986611430860207
3421a89fa1f0004be83d376c9d577cf3	k__Animalia;p__Arthropoda;c__Insecta;o__Coleoptera;f__Chrysomelidae;g__Plateumaris;s__rufa	0.999501897332878
dfbf64c13b94483b3a7c796ae604a9c5	k__Animalia;p__Arthropoda	0.9999999999999934
a5c74ea1fcd333ec18e8c3cc05a4a9c5	k__Animalia;p__Arthropoda;c__Arachnida	0.7678000899012065
053dd8c96e72c5211e213ff3d37a2aff	k__Animalia;p__Arthropoda;c__Insecta;o__Diptera	0.9773690868231806
078bd87b46396d7097b6f3496716fc65	k__Animalia;p__Arthropoda	0.9999999999999762
e8d515d8786d2e4afd4372fa7b62dde2	k__Animalia;p__Arthropoda;c__Arachnida;o__Araneae;f__Philodromidae;g__Philodromus;s__aureolus	0.9422020071155067
79eecd37bf2c12aad0bb6a78a23e7c65	k__Animalia;p__Arthropoda	0.9999999999999849
b0e81d466e3dd70e1f506a6f28961aa4	k__Animalia;p__Arthropoda	0.999999999999987
498a13f5db66514de43a23644311bc06	k__Animalia;p__Arthropoda	0.9999999999999807
50e09cffa941b5b3d26d40a77afc6140	k__Animalia;p__Arthropoda	0.9999999999999934
83fd0d2c2e705b6eb05767a79494d3ff	k__Animalia;p__Arthropoda;c__Insecta;o__Orthoptera;f__Acrididae;g__Chorthippus;s__montanus	0.9993074168326084
f7427b26669e90825bcd78c26ceb8cc4	k__Animalia;p__Arthropoda;c__Insecta	0.7208183689691865
da999932315c56be38a95ae237f76b4c	k__Animalia;p__Arthropoda;c__Insecta	0.7879122330666855
dac216013ca5910c344c729ced52d7ec	k__Animalia;p__Arthropoda	0.9999999999999772
cd563f83aec3edcc1226a73daf649700	k__Animalia;p__Arthropoda	0.9999999999999906
5be8cfc33f71a771883d48a5b4b9bac9	k__Animalia;p__Arthropoda;c__Insecta;o__Diptera	0.7561290031976625
acfd695110da7a108dfa2bae6053430b	k__Animalia;p__Arthropoda;c__Arachnida	0.8086189005563659
ea8841b1b319a5e4833929ce7fd0b823	k__Animalia;p__Arthropoda	0.9999999999999797
f7f5895a9b058eff2b5f198b06331b83	k__Animalia;p__Arthropoda	0.9999999999999817
18b02cd600f86613c3804f6bde581e99	k__Animalia;p__Arthropoda;c__Insecta	0.8512562103399531
b167ae94c3c4aeeaf1e07159078bdb21	k__Animalia;p__Arthropoda	0.999999999999978
a0e00562204e3588994f8d6db108200e	k__Animalia;p__Arthropoda;c__Insecta;o__Hemiptera;f__Cicadellidae;g__Scaphoideus;s__	0.9992605226709084
241393b3c8206e6359a0c9db3f5fa675	k__Animalia;p__Arthropoda;c__Insecta	0.8724417562990381
997e4384e45ab09a95cf22f8e66d14ad	k__Animalia;p__Arthropoda;c__Arachnida;o__Araneae;f__Theridiidae;g__Euryopis;s__funebris	0.9994527996344605
67473143a1f4aa1464575d3f0031c5dc	k__Animalia;p__Arthropoda;c__Insecta;o__Orthoptera;f__Acrididae;g__Chorthippus;s__montanus	0.9998356950895017
76544def2e0bb0cce5164aca8b2fea98	k__Animalia;p__Arthropoda	0.9999999999999774
d7ebfdf0214f40f5312195a9a31ac138	k__Animalia;p__Arthropoda;c__Arachnida	0.7131605558454839
1772a9e122d83f43f5507109be94ffd3	k__Animalia;p__Arthropoda;c__Collembola;o__Entomobryomorpha	0.7566997101121072
837ee03f7ef727acbb6ab499983afbf3	k__Animalia;p__Arthropoda;c__Arachnida	0.7376804572834195
2c0ae5682880f1db2887b107b64a0df7	k__Animalia;p__Arthropoda	0.999999999999979
183c325fa4d895adc2bf382285f10041	k__Animalia;p__Arthropoda	0.9999999999999777
c69967ba53369ba53526a036afcf783e	k__Animalia;p__Arthropoda;c__Arachnida;o__Araneae;f__Philodromidae;g__Tibellus;s__oblongus	0.838455129932245
7ae17b65e083fa280ba3e674d8a48365	k__Animalia;p__Arthropoda;c__Insecta	0.9524593680625129
254db896b5811d1c03063d1dbb782e49	k__Animalia;p__Arthropoda;c__Insecta;o__Diptera;f__Limoniidae;g__Pseudolimnophila;s__inornata	0.9543964861958988
da629a9721d59dc6ce24e2e3ff026f38	k__Animalia;p__Arthropoda;c__Insecta;o__Diptera;f__Limoniidae;g__Pseudolimnophila;s__inornata	0.9851771947533745
0be7e3a7f27cb25e0ab2c7092ab13668	k__Animalia;p__Arthropoda;c__Arachnida;o__Araneae;f__;g__;s__	0.7247119564666771
710ffffa701a08d51f48140489bf9deb	k__Animalia;p__Arthropoda	0.9999999999999744
64ac362b71556158159cada5eca14c56	k__Animalia;p__Arthropoda;c__Insecta;o__Diptera;f__Tabanidae;g__Atylotus;s__thoracius	0.97896513496459
246571204f238ff85ab9f51e5122c6b6	k__Animalia;p__Arthropoda;c__Insecta;o__Diptera	0.8881863954063042
64a0284381bc45f57353a16c14df6ccf	k__Animalia;p__Arthropoda;c__Insecta;o__Orthoptera;f__Acrididae;g__Chorthippus;s__montanus	0.9998087821381593
3d93798d2fc13a7c955c0c6feb11165e	k__Animalia;p__Arthropoda;c__Insecta;o__Hymenoptera;f__Ichneumonidae;g__;s__	0.9708445993182646
57b94f9f0842bf56e2ae05c5a1523742	k__Animalia;p__Arthropoda;c__Insecta	0.815361677107378
3f2ca29402a89ff8d0a30f139c964e49	k__Animalia;p__Arthropoda;c__Insecta;o__Orthoptera;f__Acrididae;g__Chorthippus;s__montanus	0.9976869605093813
fc980fbb519b67e9132f404e8578c752	k__Animalia;p__Arthropoda	0.9999999999999932
2c9b53925e31925904e8d15fd3ca40b4	k__Animalia;p__Arthropoda	0.999999999999983
6f43fcb4cb5a98d5b1df7d36d37580db	k__Animalia;p__Arthropoda;c__Insecta;o__Diptera;f__Ceratopogonidae;g__Bezzia;s__	0.9416426476806897
fed5f4cd8b8b04bd62d45d4e05f8cf06	k__Animalia;p__Arthropoda;c__Insecta	0.7348976775564149
52db9c3372d2be4c5f2bfaf34099fa38	k__Animalia;p__Arthropoda;c__Arachnida	0.7045105035431748
9b122f772c71b74f127f46eac864fe8a	k__Animalia;p__Arthropoda	0.9999999999999848
8eba900091428a349a1fa21ebdedf6a9	k__Animalia;p__Arthropoda	0.9999999999999822
15b2bcc6f07ada4740d9c7aa3f59d9cd	k__Animalia;p__Arthropoda	0.9999999999999958
fe156f9f8b8b24ec3102d58cf188743f	k__Animalia;p__Arthropoda;c__Insecta;o__Diptera;f__Tipulidae;g__Tipula;s__hermannia	0.9996013425367988
2e974a7e432532b56fad5aa51fe5b3a2	k__Animalia;p__Arthropoda;c__Arachnida	0.7038015204899578
0b66950321cd383fa3dafc094522cc50	k__Animalia;p__Arthropoda	0.9999999999999851
71a555c4b8c9332d8905b1b3973a582e	k__Animalia;p__Arthropoda;c__Insecta;o__Diptera;f__Cecidomyiidae;g__;s__	0.7987685505095914
4a46f410513b79ebd30ed0f36a9ff644	k__Animalia;p__Arthropoda	0.9999999999999906
c28408c51748da1faf431d360573e551	k__Animalia;p__Arthropoda	0.9999999999999739
131472429514ae787208c03d189b8212	k__Animalia;p__Arthropoda;c__Arachnida;o__Araneae;f__Philodromidae;g__Tibellus;s__oblongus	0.7908408076734964
16b7309581484beb3f7e7b7ad0ec7e27	k__Animalia;p__Arthropoda;c__Arachnida;o__Araneae;f__Theridiidae;g__Hentziectypus;s__globosus	0.9999627887220054
26bb6e553a7ee4897ce5beefbc3cffa7	k__Animalia;p__Arthropoda;c__Arachnida;o__Araneae;f__Salticidae;g__Attulus;s__floricola	0.9999645029868659
69012dd7da09fff258815ab778290f1e	k__Animalia;p__Arthropoda	0.9999999999999787
74360042c1dacbb309c940455358099f	k__Animalia;p__Arthropoda	0.9999999999999675
6fe8a92a6fdf3d36aa9ebea838d17e07	k__Animalia;p__Arthropoda;c__Insecta;o__Diptera;f__Tabanidae;g__Atylotus;s__thoracius	0.998578610789521
05a088ef3431f9058b2247785bf3ca9c	k__Animalia;p__Arthropoda;c__Insecta;o__Diptera;f__Cecidomyiidae;g__;s__	0.9278221829028095
4cfcf67c2cc6642cd80f24c4d0eef2af	k__Animalia;p__Arthropoda	0.9999999999999819
eeb1d09f8ae100a6ee812d94dd12a1c3	k__Animalia;p__Arthropoda	0.9999999999999811
29cf117ff6128a3b00f4c6de659dcece	k__Animalia;p__Arthropoda	0.9999999999999838
bafc0dd6e7511debfdd968a5d49f6207	k__Animalia;p__Arthropoda	0.99999999999998
182a2c9306ca10e016a4be38092296ba	k__Animalia;p__Arthropoda	0.9999999999999887
192ece5d689f6162112bf92e0b13fff8	k__Animalia;p__Arthropoda	0.9999999999999839
15598ea0bf06bd78446a1abf1a0f5a60	k__Animalia;p__Arthropoda;c__Arachnida	0.7391051879148695
173efde69421204fff40eb3d2b6e3c63	k__Animalia;p__Arthropoda	0.9999999999999701
25cb1755d46417df877f08703caf4b7a	k__Animalia;p__Arthropoda	0.9999999999999796
123ce59c9ebf63312708238daacec21f	k__Animalia;p__Arthropoda	0.9999999999999797
76f3143711fed7f8fcce6f4b49af7d66	k__Animalia;p__Arthropoda;c__Insecta;o__Hymenoptera;f__Braconidae;g__Microplitis	0.991948720918058
dde8d852bacb660640ce654e4f31fd27	k__Animalia;p__Arthropoda;c__Arachnida	0.8163553577136422
f9caa15f149fee809d843f84c7a16cf4	k__Animalia;p__Arthropoda;c__Insecta;o__Diptera;f__Cecidomyiidae;g__;s__	0.8718867703145663
c38ecbedcb5d6a885b9f1007249efb5d	k__Animalia;p__Arthropoda	0.999999999999993
f6aec2173661014c71e56e0e280e7b2d	k__Animalia;p__Arthropoda;c__Insecta;o__Diptera;f__Chironomidae	0.9246722855221345
0029cef64e55ef6d1052bdbd2be0f045	k__Animalia;p__Arthropoda	0.9999999999999915
e58a26693e1ecb95a23f85acb142febf	k__Animalia;p__Arthropoda	0.9999999999999882
4e2b9a6575f4f39fec0cf1127ad5cf71	k__Animalia;p__Arthropoda	0.9999999999999766
603f46e3775793603afcba6221ca440e	k__Animalia;p__Arthropoda;c__Insecta;o__Hymenoptera;f__Braconidae;g__Aleiodes;s__	0.953130390681457
56f936e4257858034a3fe14de035c5d5	k__Animalia;p__Arthropoda	0.9999999999999899
bfe80d15c04cddf0120d628b1846974d	k__Animalia;p__Arthropoda;c__Insecta;o__Diptera	0.8797343361525102
540e95e4330f764cc7ab51e26a8332ac	k__Animalia;p__Arthropoda;c__Arachnida;o__Araneae;f__Oxyopidae;g__Oxyopes;s__scalaris	0.9998779798260957
d5fc03e85e5937ec4d33a7fd5cf66bb5	k__Animalia;p__Arthropoda;c__Arachnida	0.7348580849134496
